# Blender v2.78 (sub 0) OBJ File: ''
# www.blender.org
mtllib untitled.mtl
o ger_headwear
v 0.280538 2.220779 -1.701270
v 0.277788 2.212864 -1.662227
v -0.009427 2.136623 -1.697446
v -0.006794 2.144508 -1.736502
v 1.829233 3.124359 -0.629560
v 1.945315 3.150665 -0.308276
v 2.100118 2.988346 -0.342506
v 1.861821 3.449596 -0.305642
v 1.742522 3.451771 -0.621295
v 1.743459 3.832481 -0.296004
v 1.635674 3.808041 -0.618119
v 1.541265 4.066139 -0.589873
v 1.367598 4.059322 -0.871655
v 1.240742 4.304211 -0.815695
v 1.018232 4.269180 -1.046151
v 0.891318 4.448578 -0.945026
v 0.635367 4.413002 -1.107487
v 0.536953 4.514599 -1.009065
v 0.236841 4.483536 -1.119318
v 0.135293 4.571899 -0.985402
v -0.101481 4.534988 -1.047025
v -0.171122 4.639465 -0.806513
v -0.406659 4.607491 -0.813237
v -0.422601 4.701836 -0.451968
v 0.776161 4.664604 -0.582307
v 0.601111 4.633446 -0.757899
v 0.368373 4.722229 -0.572918
v 0.202874 4.695553 -0.678656
v 0.015075 4.763840 -0.339238
v -0.205964 4.729523 -0.437985
v -0.374844 4.751259 0.054986
v 0.008077 4.659790 -0.778195
v 0.394792 4.606594 -0.882807
v 0.746484 4.549862 -0.865849
v 1.090745 4.485466 -0.736430
v 1.406640 4.311253 -0.549348
v 1.645574 4.085232 -0.281419
v 0.950482 4.584473 -0.664629
v 1.241247 4.490345 -0.497247
v 1.512295 4.317989 -0.263348
v 1.680681 4.100018 0.030775
v 1.782528 3.849777 0.031082
v 1.756044 3.839054 0.357574
v 1.877274 3.451515 0.365201
v 1.923863 2.841251 1.130148
v 1.804954 2.925217 1.075066
v 1.523093 2.876572 1.337639
v 2.030572 2.946812 0.757591
v 1.852880 3.119328 0.719630
v 1.961289 3.145428 0.383592
v 1.773445 3.440666 0.691259
v 1.657205 3.821754 0.689188
v 1.655404 4.091042 0.353357
v 1.555251 4.316139 0.032594
v 1.330377 4.501141 -0.236970
v 1.081464 4.596230 -0.460569
v 2.170976 2.874599 0.798312
v 2.126586 2.985550 0.399248
v 2.289366 2.900322 0.438589
v 2.399230 2.847225 0.605736
v 2.345524 2.836346 0.753709
v 2.302508 2.828545 0.842898
v 2.247055 2.818974 0.938146
v 2.150370 2.802444 1.072185
v 2.051111 2.784897 1.184358
v 1.990351 2.773941 1.244411
v 1.647595 2.782257 1.378962
v 1.874732 2.750889 1.346486
v 1.765986 2.723213 1.431013
v 1.686178 2.700325 1.486230
v 1.598208 2.687138 1.530734
v 1.596067 2.667229 1.544020
v 1.469923 2.584396 1.577433
v 1.558657 2.615414 1.528771
v 1.658849 2.647556 1.468438
v 1.729518 2.668320 1.421418
v 1.840317 2.697189 1.342736
v 1.938799 2.720566 1.266933
v 2.025229 2.738064 1.188392
v 2.128685 2.757885 1.078035
v 2.223401 2.773705 0.950608
v 2.285613 2.782494 0.845252
v 2.333509 2.789032 0.745376
v 0.968436 2.222775 1.912574
v 0.993505 2.270630 1.935097
v 0.892179 2.163536 2.013542
v 1.060839 2.317902 1.839693
v 1.073821 2.352554 1.871779
v 1.174016 2.420128 1.756406
v 1.183875 2.452408 1.789872
v 1.273678 2.491371 1.689882
v 1.291572 2.530548 1.719446
v 1.357223 2.537579 1.636804
v 1.384748 2.581169 1.664721
v 1.506118 2.633919 1.596487
v 1.505275 2.657131 1.583259
v 1.274247 2.689190 1.608338
v 1.365090 2.626598 1.630609
v 1.285178 2.613880 1.660565
v 1.217619 2.486221 1.768091
v 1.112067 2.395176 1.843970
v 0.958476 2.269211 1.955107
v 0.826164 2.098797 2.061452
v 0.698990 2.173229 2.041848
v 0.880660 2.481953 1.840015
v 0.389710 2.371582 1.967637
v 0.722528 2.700134 1.759395
v 0.307153 2.664455 1.843150
v 1.443600 3.780018 1.054251
v 1.512683 3.374096 1.102131
v 1.662835 3.113403 1.004186
v 1.404944 3.037865 1.281137
v 1.135009 2.791496 1.588224
v 1.109600 3.704636 1.379909
v 1.180799 3.305637 1.404849
v 0.868266 3.259830 1.599907
v 1.048431 2.986435 1.531264
v 1.124691 3.424461 1.425119
v 1.108666 3.375813 1.443388
v 1.075608 3.334103 1.470617
v 1.021585 3.311398 1.507560
v 0.975828 3.314049 1.533974
v 0.921398 3.339264 1.561090
v 0.889713 3.383007 1.571129
v 0.864645 3.431744 1.576930
v 0.667798 2.918823 1.713787
v 0.608859 3.247471 1.709386
v 0.504005 3.640388 1.675332
v 0.794055 3.654362 1.567756
v 0.861177 3.504902 1.565551
v 0.883876 3.561806 1.543817
v 0.907685 3.584850 1.526985
v 0.957387 3.609978 1.494535
v 1.018682 3.607269 1.459817
v 1.062244 3.584610 1.437206
v 1.099967 3.542141 1.421683
v 1.120892 3.484146 1.417517
v 1.553398 4.097012 0.660739
v 1.352574 4.073708 1.005898
v 1.098144 4.047356 1.260778
v 0.790589 4.003464 1.457770
v 0.465873 3.962326 1.593052
v 0.098478 3.585342 1.764652
v 0.188821 3.196831 1.811885
v 0.238347 2.873081 1.828810
v -0.151905 2.591122 1.868590
v -0.085223 2.293648 1.990803
v -0.539093 2.223705 1.958444
v -0.927253 2.153805 1.868504
v -0.953928 1.885250 1.985855
v -0.552579 1.941502 2.093567
v -0.586691 2.515388 1.833093
v -0.182075 2.834045 1.848106
v -0.212326 3.169266 1.825049
v -0.261683 3.550102 1.776797
v -0.276119 3.872410 1.695783
v 0.040299 3.904335 1.685978
v -0.611360 3.524300 1.740206
v -0.428394 3.561985 1.751979
v -0.359175 3.583542 1.754165
v -0.330002 3.608833 1.751692
v -0.306881 3.636494 1.749245
v -0.299046 3.708790 1.731712
v -0.313760 3.766373 1.719153
v -0.338434 3.792942 1.708596
v -0.377666 3.813347 1.697988
v -0.435022 3.823429 1.689338
v -0.610485 3.833958 1.663846
v -0.495086 3.805840 1.687536
v -0.534545 3.774597 1.691526
v -0.552225 3.739132 1.697596
v -0.561902 3.688641 1.709002
v -0.554315 3.638584 1.722740
v -0.529531 3.602303 1.733560
v -0.490749 3.577202 1.741996
v -1.033582 3.502277 1.635024
v -1.011311 3.761669 1.581145
v -1.373379 3.468178 1.494483
v -1.347953 3.729507 1.443826
v -1.723172 3.417835 1.276570
v -1.683181 3.663631 1.250999
v -2.017016 3.354164 1.002466
v -1.978704 3.614586 0.988971
v -2.304577 3.273693 0.522206
v -2.261606 3.557423 0.544720
v -2.392844 3.240849 0.084270
v -2.360112 3.554222 0.077799
v -2.344378 3.285370 -0.276799
v -2.308462 3.564514 -0.281812
v -2.166821 3.328625 -0.672313
v -2.145944 3.578293 -0.647428
v -1.695898 2.997135 1.334466
v -1.302600 2.686180 1.583611
v -1.340380 3.044235 1.557612
v -0.942388 2.726925 1.728609
v -1.289690 2.393520 1.600052
v -0.988217 3.086651 1.698819
v -0.633335 3.128082 1.784140
v -0.608083 2.773289 1.809074
v -0.944765 2.467827 1.739929
v -1.299608 2.091118 1.713857
v -1.994552 2.937954 1.049862
v -1.655926 2.643341 1.361528
v -1.652094 2.347775 1.367133
v -1.678563 2.037891 1.479451
v -1.381282 1.822510 1.796638
v -0.079217 2.010902 2.136011
v -0.241793 1.796410 2.231582
v -0.606132 1.751778 2.180477
v -1.029034 1.699600 2.052088
v -1.467475 1.639801 1.844356
v -1.746941 1.775574 1.560279
v -2.028243 1.977722 1.140638
v -1.962068 2.287403 1.050223
v -1.958046 2.586056 1.070185
v -2.304464 2.885437 0.509865
v 0.439725 2.107918 2.101588
v 0.246742 1.873127 2.228616
v 0.438364 1.909843 2.205106
v 0.563419 1.940418 2.182405
v -0.238313 1.770245 2.189690
v -0.116933 1.813709 2.239127
v 0.004065 1.831665 2.241006
v 0.270981 1.853607 2.184848
v 0.458243 1.891171 2.160214
v 0.575918 1.922096 2.135369
v 0.676358 1.986008 2.146010
v 0.765448 2.046185 2.100764
v 0.826264 2.078110 2.017752
v 0.886684 2.137787 1.974386
v -0.097696 1.790504 2.197443
v 0.050514 1.814480 2.198606
v -2.029438 1.528133 1.349556
v -2.209986 1.534267 1.210934
v -2.153300 1.511356 1.221235
v -1.905701 1.546726 1.467899
v -1.830079 1.589417 1.595009
v -1.766935 1.567451 1.586450
v -1.669257 1.581776 1.660022
v -1.548340 1.599388 1.743907
v -1.409505 1.619339 1.828540
v -1.294105 1.635410 1.889743
v -1.128549 1.657520 1.967178
v -0.988227 1.675671 2.025913
v -0.872680 1.689838 2.066609
v -0.699084 1.710991 2.115875
v -0.574069 1.726639 2.143679
v -0.431506 1.744675 2.167760
v -2.261213 2.548485 0.558016
v -2.225817 2.245468 0.605801
v -2.314856 1.923721 0.695037
v -2.111001 1.724373 1.204919
v -2.351969 2.530029 0.059762
v -2.340485 2.209038 0.077157
v -2.469411 1.892235 0.111445
v -2.423635 1.671104 0.722888
v -2.519956 1.493221 0.713173
v -2.587483 1.632435 0.118491
v -2.398458 1.906967 -0.364938
v -2.274434 2.231155 -0.346609
v -2.301106 2.558014 -0.312993
v -1.929499 2.977921 -1.001760
v -1.954427 3.361618 -0.950867
v -1.694717 3.397541 -1.180247
v -2.145249 2.945854 -0.723089
v -2.102205 2.616352 -0.754634
v -2.076176 2.269699 -0.760671
v -2.162372 1.931854 -0.846119
v -2.513257 1.635853 -0.405170
v -2.664065 1.469753 0.129463
v -2.554869 1.457302 0.541069
v -2.490688 1.471767 0.725413
v -2.393739 1.483841 0.905415
v -2.274327 1.496979 1.076566
v -2.333767 2.895096 -0.296084
v -2.385800 2.988552 0.151576
v -2.388934 3.007706 0.112095
v -2.390295 3.019077 0.059847
v -2.388722 3.013725 0.004833
v -2.383432 2.985443 -0.047889
v -2.380917 2.953518 0.184212
v -2.375095 2.901863 0.205076
v -2.371213 2.852219 0.207514
v -2.369106 2.807880 0.193900
v -2.368123 2.776077 0.176032
v -2.367895 2.740639 0.136988
v -2.367911 2.723434 0.099870
v -2.367924 2.716434 0.059284
v -2.367638 2.721344 0.021227
v -2.367043 2.736813 -0.021736
v -2.366269 2.759705 -0.053464
v -2.367147 2.794365 -0.078391
v -2.368321 2.834507 -0.095385
v -2.372166 2.883114 -0.096560
v -2.377692 2.939922 -0.080419
v -0.575914 4.680485 -0.432711
v -0.762637 4.658169 -0.342252
v -0.926881 4.636303 -0.213616
v -1.133796 4.507572 -0.603434
v -1.269764 4.494942 -0.470523
v -1.310837 4.375290 -0.766620
v -1.495780 4.344032 -0.629329
v -1.405561 4.263817 -0.878069
v -1.623082 4.229565 -0.716649
v -1.503621 4.132088 -0.967788
v -1.735551 4.096054 -0.795632
v -1.601622 3.920490 -1.070667
v -1.858660 3.879440 -0.870470
v -1.673255 3.675453 -1.131501
v -1.934998 3.620071 -0.912928
v -2.055966 3.847179 -0.628609
v -1.922078 4.071259 -0.573054
v -1.797682 4.203026 -0.512635
v -1.652133 4.322166 -0.439191
v -1.383477 4.477623 -0.335582
v -1.029514 4.621758 -0.034595
v -1.037883 4.618999 0.177099
v -0.858500 4.645142 0.398757
v -1.442218 4.468800 0.352299
v -2.138230 4.005844 0.109181
v -2.086109 4.022301 -0.247515
v -2.230716 3.801132 -0.266901
v -1.989496 4.155956 0.103197
v -1.897141 4.175964 0.477080
v -1.743838 4.297283 0.432379
v -1.834358 4.274712 0.111672
v -1.510910 4.456856 0.092999
v -1.491444 4.457596 -0.135274
v -1.789864 4.289364 -0.192467
v -1.930489 4.179455 -0.221967
v -2.279048 3.791134 0.110396
v -2.170356 3.825279 0.535975
v -2.030203 4.033718 0.522917
v -1.290596 4.493374 0.559948
v -1.545123 4.337402 0.699313
v -1.682573 4.223618 0.774934
v -1.796524 4.091030 0.854795
v -1.920264 3.870750 0.928247
v -1.622628 3.920830 1.178088
v -1.313462 3.978188 1.346265
v -0.990792 4.011948 1.478335
v -0.623569 4.037663 1.572451
v 0.562225 4.523411 1.107121
v 0.801324 4.555950 0.947536
v 0.673536 4.640663 0.833128
v 0.662593 4.415287 1.214097
v 0.375309 4.378910 1.339669
v 0.422813 4.203140 1.478655
v 0.005099 4.138634 1.580689
v -0.031188 4.327572 1.436043
v -0.319249 4.085022 1.596697
v -0.365428 4.274139 1.451974
v -0.651183 4.242355 1.419786
v -0.952533 4.208263 1.346341
v -1.234434 4.177525 1.231506
v -1.523655 4.130707 1.075480
v 0.910379 4.442936 1.059431
v 0.996053 4.580997 0.749366
v 0.848615 4.658588 0.666525
v 0.950882 4.677818 0.459900
v 0.609701 4.765232 0.376467
v 0.675596 4.771397 0.213486
v 0.246429 4.798691 0.045147
v 1.523356 4.318764 0.329018
v 1.373670 4.501652 0.032830
v 1.190761 4.597580 -0.211362
v 0.898993 4.678410 -0.401576
v 0.514379 4.746548 -0.448505
v 0.165244 4.786034 -0.188232
v 0.184595 4.789921 0.280022
v 0.524143 4.750393 0.520909
v 1.138901 4.588879 0.507339
v 1.022277 4.683369 0.259850
v 0.691541 4.775875 0.031538
v 0.655247 4.777031 -0.129708
v 0.594144 4.765263 -0.300469
v 1.014655 4.679897 -0.183490
v 1.229514 4.596096 0.028107
v 1.344791 4.500000 0.303642
v 1.430783 4.315746 0.617339
v 1.270554 4.486847 0.569476
v 1.048179 4.683552 0.023247
v 1.200078 4.599438 0.283017
v 1.152539 4.464073 0.823147
v 1.263154 4.305489 0.914860
v 1.006690 4.281910 1.170266
v 0.728384 4.232628 1.358164
v 1.909601 3.446316 0.032441
v 1.984342 3.173283 0.023468
v 2.164694 2.991344 0.029450
v 2.325007 2.908527 0.024310
v 2.471884 2.857430 0.176852
v 2.475361 2.855717 0.036467
v 2.452135 2.801094 0.040074
v 2.444877 2.802010 -0.083248
v 2.470544 2.856415 -0.084819
v 2.423267 2.803932 -0.236584
v 2.452626 2.855358 -0.247122
v 2.392195 2.802124 -0.382851
v 2.273291 2.899616 -0.361841
v 2.422936 2.852051 -0.395172
v 2.397077 2.848297 -0.487798
v 2.342118 2.838516 -0.635339
v 2.122653 2.883682 -0.699106
v 2.274643 2.827137 -0.766964
v 2.207465 2.815189 -0.871745
v 1.991181 2.959400 -0.659629
v 1.650856 2.693008 -1.384647
v 1.647744 2.796162 -1.233666
v 1.759975 2.725456 -1.310551
v 1.829987 2.743649 -1.257807
v 1.883605 2.847519 -1.022512
v 1.921769 2.764824 -1.181098
v 1.997552 2.779221 -1.111913
v 2.100815 2.796799 -1.005667
v 1.768160 2.934139 -0.968971
v 1.633724 3.080711 -0.931462
v 1.560086 3.381336 -0.922143
v 1.465946 3.765255 -0.907799
v 1.092022 4.025036 -1.149679
v 0.194335 3.242126 -1.686323
v 0.166068 3.589760 -1.635203
v 0.536013 3.628750 -1.546249
v 0.603789 3.249580 -1.587938
v 0.173173 2.898357 -1.714067
v 0.623222 2.950630 -1.604742
v 0.709173 2.749294 -1.615502
v 1.060858 2.792088 -1.490158
v 1.139799 2.700672 -1.518421
v 1.436905 2.746166 -1.376300
v 1.376585 2.854919 -1.308069
v 1.559938 2.893093 -1.169347
v 1.316255 3.019596 -1.226204
v 1.202369 3.294426 -1.264942
v 0.224036 2.678112 -1.726526
v -0.184619 2.608330 -1.742711
v -0.248571 2.850025 -1.723008
v -0.572965 2.521740 -1.706663
v -0.630904 2.795410 -1.675040
v -0.278345 3.191124 -1.700443
v -0.241121 3.547989 -1.658694
v -0.675814 3.136848 -1.649976
v -0.985830 2.757828 -1.581306
v -0.946242 2.473793 -1.607470
v -1.306110 2.422249 -1.460254
v -1.350586 2.719780 -1.432745
v -1.028114 3.098278 -1.560027
v -0.621512 3.518375 -1.618839
v -0.422340 3.563961 -1.631480
v -0.370988 3.578144 -1.633817
v -0.328119 3.609344 -1.632046
v -0.302761 3.649426 -1.625923
v -0.294942 3.699100 -1.613731
v -0.687844 4.245544 -1.281163
v -0.987918 4.211578 -1.204670
v -0.945566 4.329144 -1.091807
v -0.659755 4.047985 -1.435686
v -1.023904 4.013092 -1.341207
v -0.620743 3.837257 -1.539336
v -1.056769 3.763546 -1.441401
v -1.066509 3.506931 -1.499442
v -1.391862 3.051491 -1.406770
v -1.625628 2.697929 -1.266187
v -1.590116 2.356888 -1.295222
v -0.252157 3.862862 -1.579132
v 0.110777 3.894295 -1.562943
v -0.296222 4.078976 -1.480068
v -0.477890 3.570358 -1.624678
v -0.524431 3.599754 -1.613809
v -0.551198 3.634598 -1.602852
v -0.564003 3.682789 -1.590045
v -0.556631 3.734104 -1.577823
v -0.530185 3.775402 -1.569862
v -0.492655 3.806210 -1.566006
v -0.429693 3.823830 -1.568665
v -0.368675 3.813347 -1.578946
v -0.332281 3.792728 -1.589337
v -0.304290 3.747879 -1.602410
v 0.952383 2.979858 -1.458801
v 0.840431 3.251083 -1.490053
v 0.782817 3.645649 -1.451346
v 0.455832 3.945477 -1.479511
v 0.076571 4.138916 -1.452397
v -0.347695 4.274181 -1.332910
v -0.670870 4.358562 -1.166518
v -0.885041 4.435474 -0.962388
v -0.651022 4.461449 -1.025118
v 1.023770 3.315231 -1.381300
v 1.069091 3.331276 -1.350353
v 0.961580 3.316166 -1.418547
v 0.915650 3.345844 -1.439615
v 0.882677 3.388126 -1.450260
v 0.864366 3.438786 -1.452049
v 0.859734 3.501308 -1.443319
v 0.881177 3.552410 -1.422995
v 0.910450 3.590630 -1.400615
v 0.969846 3.609261 -1.363798
v -0.383343 4.392635 -1.203451
v 0.029666 4.329792 -1.308554
v 0.410610 4.197956 -1.364986
v 0.774438 3.985874 -1.350874
v 1.138337 3.690914 -1.239481
v 1.033973 3.601974 -1.327117
v 1.074668 3.577721 -1.306806
v 1.107498 3.535767 -1.293657
v 1.124633 3.461102 -1.295685
v 1.119541 3.411598 -1.306419
v 1.105031 3.369476 -1.322177
v 0.754141 4.240089 -1.219563
v 0.320942 4.379665 -1.230796
v -0.048863 4.431862 -1.200811
v -0.390463 4.495689 -1.054185
v -0.617003 4.576153 -0.800631
v -0.792550 4.554279 -0.754406
v -0.973744 4.529709 -0.688914
v -1.117768 4.404915 -0.870247
v -1.200134 4.292824 -0.993420
v -1.280086 4.160778 -1.097768
v -1.352636 3.956203 -1.212720
v -1.401910 3.710110 -1.298076
v -1.428229 3.451328 -1.345122
v -1.663810 3.018448 -1.238335
v -1.887573 2.656498 -1.032359
v -1.850677 2.302002 -1.060454
v -1.651351 2.049088 -1.374607
v -1.922870 1.988838 -1.138532
v -1.995546 1.675571 -1.247755
v -2.267615 1.639935 -0.915449
v -1.000576 1.822365 -1.876193
v -1.051118 1.699596 -1.921100
v -1.458310 1.642193 -1.727203
v -1.397240 1.778370 -1.689358
v -1.779284 1.596909 -1.513152
v -1.711923 1.727154 -1.492338
v -2.053128 1.558029 -1.266148
v -2.334601 1.518173 -0.921193
v -2.589391 1.482666 -0.408829
v -2.620264 1.442116 -0.073997
v -2.634495 1.445038 0.135278
v -2.602461 1.450336 0.370125
v -2.582238 1.450268 -0.309103
v -2.556513 1.461674 -0.436061
v -2.478225 1.477680 -0.643653
v -2.394890 1.492489 -0.806018
v -2.290266 1.508373 -0.967229
v -2.202953 1.518826 -1.077319
v -2.100838 1.530605 -1.189631
v -1.995397 1.540741 -1.286565
v -1.884556 1.554077 -1.382658
v -1.791102 1.566566 -1.458031
v -1.712621 1.577625 -1.517491
v -1.605842 1.592510 -1.590940
v -1.490687 1.609188 -1.664479
v -1.396449 1.622993 -1.719857
v -1.292275 1.637310 -1.773711
v -1.150535 1.657642 -1.843450
v -1.004826 1.677532 -1.906853
v -0.847115 1.697365 -1.963830
v -0.597917 1.756664 -2.060138
v -0.694406 1.717209 -2.009532
v -0.551504 1.736572 -2.043509
v -0.421961 1.753990 -2.066357
v -0.278703 1.770523 -2.079183
v 0.773158 2.031967 -1.927698
v 0.740775 2.032036 -1.993753
v 0.855303 2.133190 -1.919828
v 0.628905 1.968693 -2.043190
v 0.613949 2.083382 -1.978278
v 0.524216 1.934425 -2.070329
v 0.388574 2.005566 -2.036412
v 0.395961 1.905697 -2.090798
v 0.239818 1.876633 -2.108646
v 0.267105 1.853390 -2.066741
v 0.051419 1.814644 -2.080053
v 0.017181 1.839890 -2.120265
v -0.100938 1.792690 -2.085320
v -0.127541 1.818630 -2.117873
v -0.246887 1.802696 -2.110224
v -0.561003 1.876469 -2.003849
v 1.335288 2.567211 -1.570130
v 1.207892 2.592915 -1.567820
v 1.519376 2.649658 -1.463451
v 1.215928 2.486176 -1.646550
v 1.124681 2.411579 -1.711767
v 0.845009 2.498737 -1.711765
v 1.032408 2.320759 -1.782994
v 0.945805 2.228642 -1.851361
v 0.308886 2.401077 -1.834321
v -0.096730 1.933529 -2.055945
v -0.147886 2.324631 -1.848789
v -0.571393 2.238037 -1.820068
v -1.368712 2.103794 -1.546835
v -0.975972 2.165440 -1.716199
v 2.362682 2.795990 -0.494604
v 2.310189 2.786366 -0.632110
v 2.239537 2.772968 -0.773596
v 2.173356 2.760948 -0.875001
v 2.079939 2.746868 -1.007171
v 1.981068 2.736000 -1.114555
v 1.906380 2.726189 -1.185031
v 1.821984 2.709141 -1.255065
v 1.731696 2.680458 -1.316615
v 1.626429 2.644417 -1.380265
v 1.473501 2.586781 -1.459699
v 1.327775 2.521561 -1.537628
v 1.199366 2.439934 -1.618602
v 1.127762 2.380692 -1.669070
v 1.040727 2.297695 -1.733790
v 0.941069 2.194424 -1.810510
v 0.854470 2.105667 -1.875309
v 0.420485 1.883606 -2.046386
v 0.531045 1.908405 -2.025189
v 0.646229 1.948757 -1.991675
v -1.433391 4.261837 0.979832
v -1.332769 4.372417 0.872340
v -1.124226 4.520073 0.688820
v -0.658030 4.671455 0.519071
v -0.422735 4.702187 0.568969
v -0.181246 4.734360 0.552770
v -0.375622 4.612530 0.932882
v -0.157577 4.645168 0.911291
v -0.369067 4.494907 1.184289
v -0.116887 4.537704 1.160600
v -0.366159 4.390869 1.331644
v -0.082818 4.433846 1.318900
v -0.747576 4.568642 0.866880
v -0.566416 4.586884 0.920619
v -0.612332 4.467152 1.154361
v -0.633145 4.366180 1.293833
v -0.868312 4.435596 1.094429
v -0.911879 4.327793 1.233275
v -1.162107 4.302189 1.128918
v -1.084373 4.411026 1.005562
v -0.924770 4.545650 0.802892
v 0.265219 4.494289 1.217547
v 0.410799 4.613300 0.986001
v 0.407169 4.728825 0.655916
v 0.020627 4.764812 0.450117
v 0.054137 4.675526 0.861903
v 0.181805 4.580078 1.086392
v 0.233642 4.700932 0.781536
v -0.679372 2.696209 1.541764
v -1.264410 2.547112 1.245629
v -0.969988 3.310940 0.897287
v -0.547441 3.418629 1.111172
v -0.298639 4.293461 0.075728
v -0.051489 3.545395 1.182567
v 0.335649 3.656757 1.084472
v 0.543313 3.025921 1.504797
v 0.939874 3.163532 1.231060
v 1.027937 2.743492 1.368016
v 1.419318 2.879993 1.118945
v 1.658849 2.647556 1.468438
v 1.729518 2.668320 1.421418
v 1.840317 2.697189 1.342736
v 1.938799 2.720566 1.266933
v 2.025229 2.738064 1.188392
v 2.128685 2.757885 1.078035
v 1.777820 2.950951 0.710540
v 2.223401 2.773705 0.950608
v 2.285613 2.782494 0.845252
v -0.911261 3.326126 -0.871219
v -0.506941 3.429298 -1.060852
v -0.020132 3.553764 -1.110245
v 0.446809 3.696568 -0.934536
v 0.851670 3.822098 -0.668768
v 1.121694 3.892952 -0.302080
v 1.186569 3.909325 0.104367
v 1.097464 3.886703 0.459143
v 1.283617 3.261387 1.006769
v 0.622067 3.756157 0.886764
v 0.870337 3.826824 0.724769
v 1.598086 3.344288 0.638995
v 1.721456 3.375610 0.147789
v 1.631635 3.352936 -0.414958
v 1.257771 3.254841 -0.922656
v 0.697220 3.081047 -1.290626
v 0.050715 2.883312 -1.533906
v -0.623298 2.710991 -1.465517
v -1.773094 1.913879 -0.918093
v -1.278185 1.977627 -1.334915
v -1.183100 2.568138 -1.202961
v -0.639680 2.065296 -1.626479
v 0.129071 2.173527 -1.702423
v 0.711965 2.404530 -1.539833
v 1.016523 2.679668 -1.324698
v 1.389837 2.876377 -1.023643
v 1.816080 2.956894 -0.459854
v 1.918545 2.968971 0.165066
v 0.267105 1.853390 -2.066741
v 0.420485 1.883606 -2.046386
v 0.051419 1.814644 -2.080053
v -0.100938 1.792690 -2.085320
v -0.278703 1.770523 -2.079183
v -0.421961 1.753990 -2.066357
v -0.551504 1.736572 -2.043509
v -0.694406 1.717209 -2.009532
v -0.847115 1.697365 -1.963830
v -1.004826 1.677532 -1.906853
v -1.150535 1.657642 -1.843450
v -1.292275 1.637310 -1.773711
v -1.396449 1.622993 -1.719857
v -1.490687 1.609188 -1.664479
v -1.605842 1.592510 -1.590940
v -1.712621 1.577625 -1.517491
v -1.791102 1.566566 -1.458031
v -1.884556 1.554077 -1.382658
v -1.995397 1.540741 -1.286565
v -2.100838 1.530605 -1.189631
v -2.202953 1.518826 -1.077319
v -2.290266 1.508373 -0.967229
v -2.394890 1.492489 -0.806018
v -2.478225 1.477680 -0.643653
v -2.100052 1.863300 -0.374541
v -2.556513 1.461674 -0.436061
v -2.582238 1.450268 -0.309103
v -2.620264 1.442116 -0.073997
v -2.153164 1.851269 0.211116
v -2.634495 1.445038 0.135278
v -2.602461 1.450336 0.370125
v -2.554869 1.457302 0.541069
v -2.490688 1.471767 0.725413
v -1.875519 1.892506 0.885078
v 0.689775 2.388653 1.671995
v 0.007300 2.871727 1.640614
v 0.079587 2.162571 1.822818
v -0.703607 2.052692 1.713047
v -1.370908 1.962616 1.384194
v -1.706828 2.434113 0.796169
v -1.950272 2.371609 0.189258
v -1.903673 2.384079 -0.338133
v -1.616975 2.457935 -0.827607
v -0.238313 1.770245 2.189690
v -0.431506 1.744675 2.167760
v -0.097696 1.790504 2.197443
v 0.050514 1.814480 2.198606
v 0.270981 1.853607 2.184848
v 0.458243 1.891171 2.160214
v 0.575918 1.922096 2.135369
v 0.681591 1.967632 2.098151
v 0.770918 2.029583 2.052397
v 0.826264 2.078110 2.017752
v 0.886684 2.137787 1.974386
v 0.968436 2.222775 1.912574
v 1.060839 2.317902 1.839693
v 1.174016 2.420128 1.756406
v 1.273678 2.491371 1.689882
v 1.357223 2.537579 1.636804
v 1.469923 2.584396 1.577433
v 1.558657 2.615414 1.528771
v -2.393739 1.483841 0.905415
v -2.274327 1.496979 1.076566
v -2.153300 1.511356 1.221235
v -2.029438 1.528133 1.349556
v -1.905701 1.546726 1.467899
v -1.766935 1.567451 1.586450
v -1.669257 1.581776 1.660022
v -1.548340 1.599388 1.743907
v -1.409505 1.619339 1.828540
v -1.294105 1.635410 1.889743
v -1.128549 1.657520 1.967178
v -0.988227 1.675671 2.025913
v -0.872680 1.689838 2.066609
v -0.699084 1.710991 2.115875
v -0.574069 1.726639 2.143679
v 2.333509 2.789032 0.745376
v 2.382519 2.796299 0.606812
v 2.418385 2.801575 0.456325
v 2.435454 2.802128 0.344893
v 2.451155 2.801239 0.179963
v 2.452135 2.801094 0.040074
v 2.444877 2.802010 -0.083248
v 2.423267 2.803932 -0.236584
v 2.392195 2.802124 -0.382851
v 2.362682 2.795990 -0.494604
v 2.310189 2.786366 -0.632110
v 2.239537 2.772968 -0.773596
v 2.173356 2.760948 -0.875001
v 2.079939 2.746868 -1.007171
v 1.981068 2.736000 -1.114555
v 1.906380 2.726189 -1.185031
v 1.821984 2.709141 -1.255065
v 1.731696 2.680458 -1.316615
v 1.626429 2.644417 -1.380265
v 1.473501 2.586781 -1.459699
v 1.327775 2.521561 -1.537628
v 1.199366 2.439934 -1.618602
v 1.127762 2.380692 -1.669070
v 1.040727 2.297695 -1.733790
v 0.941069 2.194424 -1.810510
v 0.854470 2.105667 -1.875309
v 0.773158 2.031967 -1.927698
v 0.646229 1.948757 -1.991675
v 0.531045 1.908405 -2.025189
v -1.224629 3.246532 -0.600118
v -1.431699 3.193184 -0.246592
v -1.465355 3.184185 0.134318
v -1.289526 3.229328 0.572662
v -0.403218 3.762180 -1.640986
v -0.389519 3.754570 -1.645267
v -0.402559 3.741787 -1.643388
v -0.393523 3.727108 -1.647160
v -0.433358 3.700272 -1.612892
v -0.390091 3.708977 -1.651047
v -0.392753 3.691883 -1.655787
v -0.372135 3.709885 -1.656281
v -0.375812 3.686405 -1.662429
v -0.328970 3.708649 -1.645357
v -0.335079 3.669838 -1.654883
v -0.294942 3.699100 -1.613731
v -0.302761 3.649426 -1.625923
v -0.354893 3.638523 -1.659668
v -0.328119 3.609344 -1.632046
v -0.388391 3.614140 -1.661051
v -0.370988 3.578144 -1.633817
v -0.428516 3.603054 -1.659226
v -0.422340 3.563961 -1.631480
v -0.471922 3.608055 -1.653910
v -0.465142 3.758965 -1.634711
v -0.434214 3.767635 -1.636058
v -0.434154 3.750164 -1.637075
v -0.410113 3.745853 -1.640707
v -0.457465 3.743614 -1.636032
v -0.469239 3.733742 -1.636929
v -0.478022 3.720158 -1.639715
v -0.480362 3.703526 -1.643529
v -0.476073 3.687515 -1.647636
v -0.468049 3.677071 -1.650921
v -0.451537 3.666630 -1.654963
v -0.433136 3.664505 -1.657050
v -0.415073 3.669491 -1.657813
v -0.407250 3.654209 -1.665674
v -0.431805 3.647434 -1.664598
v -0.457564 3.650402 -1.661561
v -0.479918 3.664528 -1.656210
v -0.491735 3.679913 -1.651372
v -0.497706 3.702293 -1.645529
v -0.494360 3.725830 -1.640028
v -0.482081 3.744911 -1.636231
v -0.386713 3.669167 -1.664877
v -0.399939 3.680515 -1.657260
v -0.529203 3.658253 -1.636857
v -0.539208 3.695911 -1.626849
v -0.508288 3.631023 -1.645418
v -0.477890 3.570358 -1.624678
v -0.524431 3.599754 -1.613809
v -0.551198 3.634598 -1.602852
v -0.564003 3.682789 -1.590045
v -0.533448 3.736004 -1.617299
v -0.556631 3.734104 -1.577823
v -0.512784 3.768265 -1.611079
v -0.530185 3.775402 -1.569862
v -0.483459 3.792347 -1.608066
v -0.492655 3.806210 -1.566006
v -0.434262 3.806114 -1.610143
v -0.429693 3.823830 -1.568665
v -0.386583 3.797924 -1.618176
v -0.368675 3.813347 -1.578946
v -0.358146 3.781807 -1.626296
v -0.336274 3.746769 -1.636511
v -0.376706 3.733902 -1.650935
v -0.332281 3.792728 -1.589337
v -0.304290 3.747879 -1.602410
v -0.536515 3.741276 1.729195
v -0.521056 3.772293 1.723888
v -0.534545 3.774597 1.691526
v -0.490968 3.732151 1.758881
v -0.496663 3.702641 1.765650
v -0.473146 3.701530 1.762571
v -0.470637 3.684696 1.767343
v -0.433112 3.701714 1.743901
v -0.465336 3.677071 1.769120
v -0.453370 3.669365 1.771198
v -0.482164 3.661526 1.777070
v -0.463036 3.649178 1.780877
v -0.516672 3.621643 1.760641
v -0.482762 3.599701 1.768016
v -0.529531 3.602303 1.733560
v -0.490749 3.577202 1.741996
v -0.428242 3.586395 1.776745
v -0.428394 3.561985 1.751979
v -0.367720 3.605244 1.778656
v -0.359175 3.583542 1.754165
v -0.397993 3.734962 1.761970
v -0.395773 3.733032 1.763998
v -0.390413 3.711296 1.767484
v -0.393412 3.682579 1.776030
v -0.395736 3.679688 1.773866
v -0.392806 3.652641 1.787227
v -0.429965 3.641102 1.786716
v -0.430691 3.663826 1.775636
v -0.404853 3.671829 1.775468
v -0.378339 3.665154 1.785441
v -0.370175 3.674999 1.786201
v -0.365919 3.714973 1.775441
v -0.373729 3.746044 1.769508
v -0.486555 3.799610 1.720399
v -0.483459 3.747585 1.756631
v -0.465154 3.761913 1.754532
v -0.434038 3.814983 1.721975
v -0.433567 3.771217 1.755585
v -0.383888 3.806175 1.729538
v -0.402568 3.765530 1.759737
v -0.349586 3.788334 1.738813
v -0.382266 3.754929 1.765130
v -0.328012 3.765099 1.748044
v -0.315146 3.714756 1.759024
v -0.321997 3.651543 1.774355
v -0.342212 3.627357 1.776494
v -0.330002 3.608833 1.751692
v -0.306881 3.636494 1.749245
v -0.299046 3.708790 1.731712
v -0.313760 3.766373 1.719153
v -0.338434 3.792942 1.708596
v -0.377666 3.813347 1.697988
v -0.435022 3.823429 1.689338
v -0.495086 3.805840 1.687536
v -0.552225 3.739132 1.697596
v -0.544976 3.697144 1.739168
v -0.492808 3.677021 1.772785
v -0.538342 3.653374 1.751180
v -0.554315 3.638584 1.722740
v -0.561902 3.688641 1.709002
v -0.411512 3.742054 1.758459
v -0.433231 3.746227 1.755959
v -0.454678 3.739872 1.755160
v -0.465133 3.731831 1.756586
v -0.468792 3.723946 1.757354
v 2.382519 2.796299 0.606812
v 2.418385 2.801575 0.456325
v 2.436688 2.853947 0.456202
v 2.454463 2.857208 0.349344
v 2.451155 2.801239 0.179963
v 2.435454 2.802128 0.344893
v -2.382734 2.775486 0.176032
v -2.382506 2.740059 0.136988
v -2.367895 2.740639 0.136988
v -2.367911 2.723434 0.099870
v -2.382522 2.722843 0.099870
v -2.367924 2.716434 0.059284
v -2.382536 2.715847 0.059284
v -2.367638 2.721344 0.021227
v -2.382250 2.720757 0.021227
v -2.367043 2.736813 -0.021736
v -2.381654 2.736221 -0.021736
v -2.366269 2.759705 -0.053464
v -2.380880 2.759117 -0.053464
v -2.367147 2.794365 -0.078391
v -2.381758 2.793774 -0.078391
v -2.368321 2.834507 -0.095385
v -2.382932 2.833920 -0.095385
v -2.372166 2.883114 -0.096560
v -2.386777 2.882523 -0.096560
v -2.377692 2.939922 -0.080419
v -2.385824 2.851635 0.207514
v -2.383718 2.807293 0.193900
v -2.369106 2.807880 0.193900
v -2.368123 2.776077 0.176032
v -2.392303 2.939342 -0.080419
v -2.383432 2.985443 -0.047889
v -2.398044 2.984852 -0.047889
v -2.388722 3.013725 0.004833
v -2.403334 3.013134 0.004833
v -2.390295 3.019077 0.059847
v -2.404906 3.018490 0.059847
v -2.388934 3.007706 0.112095
v -2.403545 3.007118 0.112095
v -2.385800 2.988552 0.151576
v -2.400411 2.987968 0.151576
v -2.380917 2.953518 0.184212
v -2.395528 2.952927 0.184212
v -2.375095 2.901863 0.205076
v -2.389706 2.901276 0.205076
v -2.371213 2.852219 0.207514
v -2.413701 2.773037 0.113647
v -2.413862 2.798141 0.141306
v -2.442282 2.860340 0.055140
v -2.382506 2.740059 0.136988
v -2.382522 2.722843 0.099870
v -2.413712 2.760849 0.087351
v -2.382536 2.715847 0.059284
v -2.413722 2.755890 0.058599
v -2.382250 2.720757 0.021227
v -2.413519 2.759369 0.031638
v -2.381654 2.736221 -0.021736
v -2.413097 2.770321 0.001202
v -2.380880 2.759117 -0.053464
v -2.412549 2.786545 -0.021274
v -2.381758 2.793774 -0.078391
v -2.413171 2.811100 -0.038933
v -2.382932 2.833920 -0.095385
v -2.414002 2.839535 -0.050972
v -2.386777 2.882523 -0.096560
v -2.416726 2.873970 -0.051805
v -2.420641 2.914219 -0.040370
v -2.424708 2.946461 -0.017325
v -2.428455 2.966496 0.020025
v -2.429569 2.970291 0.058998
v -2.428605 2.962231 0.096012
v -2.426385 2.948669 0.123981
v -2.422926 2.923847 0.147101
v -2.418801 2.887253 0.161882
v -2.416051 2.852085 0.163609
v -2.414559 2.820675 0.153965
v -2.392303 2.939342 -0.080419
v -2.398044 2.984852 -0.047889
v -2.403334 3.013134 0.004833
v -2.404906 3.018490 0.059847
v -2.403545 3.007118 0.112095
v -2.400411 2.987968 0.151576
v -2.395528 2.952927 0.184212
v -2.389706 2.901276 0.205076
v -2.385824 2.851635 0.207514
v -2.383718 2.807293 0.193900
v -2.382734 2.775486 0.176032
v 0.897514 3.551640 -1.440610
v 0.925617 3.588326 -1.419125
v 1.029142 3.478142 -1.429773
v 0.982638 3.606220 -1.383780
v 1.044201 3.599228 -1.348566
v 1.083269 3.575935 -1.329067
v 1.114787 3.535656 -1.316443
v 1.131237 3.463978 -1.318390
v 1.126348 3.416462 -1.328694
v 1.112418 3.376015 -1.343823
v 1.077915 3.339348 -1.370872
v 1.034406 3.323948 -1.400582
v 0.974702 3.324844 -1.436340
v 0.930609 3.353336 -1.456565
v 0.898954 3.393925 -1.466785
v 0.881376 3.442562 -1.468503
v 0.876929 3.502586 -1.460121
v 0.681591 1.967632 2.098151
v 0.770918 2.029583 2.052397
v 0.063240 1.901058 -1.780617
v -0.006794 2.144508 -1.736502
v -0.009427 2.136623 -1.697446
v 0.060580 1.893261 -1.741543
v 0.063240 1.901058 -1.780617
v 0.029006 1.854603 -1.792329
v -0.060999 2.167480 -1.735636
v -0.006794 2.144508 -1.736502
v 0.314772 2.267231 -1.689557
v 0.280538 2.220779 -1.701270
v 0.350573 1.977322 -1.745384
v 0.404778 1.954350 -1.746251
v 0.060580 1.893261 -1.741543
v -0.009427 2.136623 -1.697446
v -0.063633 2.159599 -1.696578
v 0.312023 2.259315 -1.650515
v 0.277788 2.212864 -1.662227
v 0.347797 1.969501 -1.706324
v 0.402002 1.946529 -1.707191
v 0.026347 1.846809 -1.753255
v 0.026347 1.846809 -1.753255
v -0.063633 2.159599 -1.696578
v -0.060999 2.167480 -1.735636
v 0.029006 1.854603 -1.792329
v 0.404778 1.954350 -1.746251
v 0.402002 1.946529 -1.707191
v 0.026347 1.846809 -1.753255
v 0.029006 1.854603 -1.792329
v 0.350573 1.977322 -1.745384
v 0.347797 1.969501 -1.706324
v 0.277788 2.212864 -1.662227
v 0.280538 2.220779 -1.701270
v 0.350573 1.977322 -1.745384
v 0.063240 1.901058 -1.780617
v 0.060580 1.893261 -1.741543
v 0.347797 1.969501 -1.706324
v 0.402002 1.946529 -1.707191
v 0.404778 1.954350 -1.746251
v 0.314772 2.267231 -1.689557
v 0.312023 2.259315 -1.650515
v 0.314772 2.267231 -1.689557
v -0.060999 2.167480 -1.735636
v -0.063633 2.159599 -1.696578
v 0.312023 2.259315 -1.650515
v 0.280722 2.214333 1.790432
v -0.006515 2.134720 1.818273
v -0.009267 2.131004 1.778610
v 0.277853 2.210587 1.750780
v 0.063613 1.887978 1.836202
v 0.060834 1.884354 1.796532
v -0.009267 2.131004 1.778610
v -0.006515 2.134720 1.818273
v 0.063613 1.887978 1.836202
v -0.006515 2.134720 1.818273
v -0.060719 2.157646 1.820002
v 0.314927 2.261768 1.783591
v 0.280722 2.214333 1.790432
v 0.350850 1.967590 1.808362
v 0.405054 1.944664 1.806633
v 0.029407 1.840542 1.843043
v 0.060834 1.884354 1.796532
v 0.026629 1.836922 1.803372
v -0.063471 2.153938 1.780338
v -0.009267 2.131004 1.778610
v 0.312059 2.258022 1.743939
v 0.277853 2.210587 1.750780
v 0.347956 1.963936 1.768702
v 0.402159 1.941013 1.766973
v 0.026629 1.836922 1.803372
v 0.029407 1.840542 1.843043
v -0.060719 2.157646 1.820002
v -0.063471 2.153938 1.780338
v 0.405054 1.944664 1.806633
v 0.029407 1.840542 1.843043
v 0.026629 1.836922 1.803372
v 0.402159 1.941013 1.766973
v 0.350850 1.967590 1.808362
v 0.280722 2.214333 1.790432
v 0.277853 2.210587 1.750780
v 0.347956 1.963936 1.768702
v 0.350850 1.967590 1.808362
v 0.347956 1.963936 1.768702
v 0.060834 1.884354 1.796532
v 0.063613 1.887978 1.836202
v 0.402159 1.941013 1.766973
v 0.312059 2.258022 1.743939
v 0.314927 2.261768 1.783591
v 0.405054 1.944664 1.806633
v 0.314927 2.261768 1.783591
v 0.312059 2.258022 1.743939
v -0.063471 2.153938 1.780338
v -0.060719 2.157646 1.820002
v 0.920626 3.402626 1.588559
v 0.947648 3.365314 1.579997
v 1.024878 3.478069 1.554908
v 0.889713 3.383007 1.571129
v 0.864645 3.431744 1.576930
v 0.899246 3.444191 1.593506
v 0.861177 3.504902 1.565551
v 0.896289 3.506580 1.583801
v 0.883876 3.561806 1.543817
v 0.915647 3.555115 1.565266
v 0.907685 3.584850 1.526985
v 0.935953 3.574760 1.550911
v 0.957387 3.609978 1.494535
v 0.978341 3.596195 1.523236
v 1.018682 3.607269 1.459817
v 1.030617 3.593884 1.493627
v 1.062244 3.584610 1.437206
v 1.067768 3.574554 1.474343
v 1.099967 3.542141 1.421683
v 1.099940 3.538338 1.461104
v 1.117786 3.488880 1.457551
v 1.121026 3.437984 1.464035
v 1.107359 3.396492 1.479615
v 1.079166 3.360916 1.502837
v 1.033091 3.341553 1.534344
v 0.994068 3.343815 1.556871
v 1.120892 3.484146 1.417517
v 1.124691 3.424461 1.425119
v 1.108666 3.375813 1.443388
v 1.075608 3.334103 1.470617
v 1.021585 3.311398 1.507560
v 0.975828 3.314049 1.533974
v 0.921398 3.339264 1.561090
v 0.881376 3.442562 -1.468503
v 0.898954 3.393925 -1.466785
v 0.882677 3.388126 -1.450260
v 0.915650 3.345844 -1.439615
v 0.930609 3.353336 -1.456565
v 0.961580 3.316166 -1.418547
v 0.974702 3.324844 -1.436340
v 1.023770 3.315231 -1.381300
v 1.034406 3.323948 -1.400582
v 1.069091 3.331276 -1.350353
v 1.077915 3.339348 -1.370872
v 1.105031 3.369476 -1.322177
v 1.112418 3.376015 -1.343823
v 1.119541 3.411598 -1.306419
v 1.126348 3.416462 -1.328694
v 1.124633 3.461102 -1.295685
v 1.131237 3.463978 -1.318390
v 1.107498 3.535767 -1.293657
v 1.114787 3.535656 -1.316443
v 1.074668 3.577721 -1.306806
v 1.083269 3.575935 -1.329067
v 1.033973 3.601974 -1.327117
v 1.044201 3.599228 -1.348566
v 0.969846 3.609261 -1.363798
v 0.982638 3.606220 -1.383780
v 0.910450 3.590630 -1.400615
v 0.925617 3.588326 -1.419125
v 0.881177 3.552410 -1.422995
v 0.897514 3.551640 -1.440610
v 0.859734 3.501308 -1.443319
v 0.876929 3.502586 -1.460121
v 0.864366 3.438786 -1.452049
vt 0.1398 0.3940
vt 0.1375 0.3918
vt 0.1373 0.4105
vt 0.1395 0.4083
vt 0.0872 0.8204
vt 0.1075 0.8542
vt 0.0852 0.8696
vt 0.1337 0.8350
vt 0.1199 0.8059
vt 0.1617 0.8143
vt 0.1489 0.7919
vt 0.1667 0.7846
vt 0.1616 0.7636
vt 0.1784 0.7597
vt 0.1766 0.7413
vt 0.1901 0.7409
vt 0.1926 0.7247
vt 0.2016 0.7255
vt 0.2081 0.7103
vt 0.2174 0.7122
vt 0.2233 0.7014
vt 0.2347 0.7082
vt 0.2423 0.6997
vt 0.2552 0.7116
vt 0.2109 0.7498
vt 0.2101 0.7373
vt 0.2253 0.7354
vt 0.2269 0.7259
vt 0.2452 0.7306
vt 0.2488 0.7196
vt 0.2712 0.7292
vt 0.2297 0.7155
vt 0.2124 0.7253
vt 0.2000 0.7386
vt 0.1916 0.7563
vt 0.1828 0.7772
vt 0.1776 0.8031
vt 0.2010 0.7534
vt 0.1954 0.7710
vt 0.1911 0.7930
vt 0.1920 0.8181
vt 0.1790 0.8328
vt 0.1993 0.8474
vt 0.1818 0.8779
vt 0.2374 0.9733
vt 0.2405 0.9548
vt 0.2859 0.9497
vt 0.1936 0.9512
vt 0.2044 0.9236
vt 0.1668 0.9080
vt 0.2119 0.8904
vt 0.2233 0.8577
vt 0.2091 0.8309
vt 0.2024 0.8064
vt 0.2026 0.7840
vt 0.2042 0.7656
vt 0.1864 0.9698
vt 0.1527 0.9312
vt 0.1427 0.9521
vt 0.1498 0.9770
vt 0.1683 0.9838
vt 0.1802 0.9870
vt 0.1937 0.9894
vt 0.2142 0.9912
vt 0.2330 0.9913
vt 0.2437 0.9906
vt 0.2829 0.9685
vt 0.2630 0.9882
vt 0.2800 0.9853
vt 0.2920 0.9828
vt 0.3030 0.9780
vt 0.3053 0.9799
vt 0.3241 0.9817
vt 0.3114 0.9851
vt 0.2967 0.9889
vt 0.2858 0.9914
vt 0.2682 0.9943
vt 0.2520 0.9959
vt 0.2367 0.9972
vt 0.2169 0.9970
vt 0.1965 0.9955
vt 0.1807 0.9933
vt 0.1665 0.9899
vt 0.4079 0.9687
vt 0.4034 0.9634
vt 0.4232 0.9618
vt 0.3899 0.9697
vt 0.3879 0.9642
vt 0.3695 0.9714
vt 0.3678 0.9660
vt 0.3533 0.9742
vt 0.3500 0.9688
vt 0.3404 0.9776
vt 0.3357 0.9722
vt 0.3181 0.9766
vt 0.3159 0.9743
vt 0.3336 0.9530
vt 0.3320 0.9659
vt 0.3408 0.9607
vt 0.3615 0.9661
vt 0.3803 0.9641
vt 0.4070 0.9602
vt 0.4355 0.9603
vt 0.4357 0.9427
vt 0.3892 0.9375
vt 0.4328 0.9007
vt 0.3789 0.9091
vt 0.4082 0.8769
vt 0.2544 0.8633
vt 0.2575 0.8981
vt 0.2427 0.9267
vt 0.2850 0.9266
vt 0.3361 0.9334
vt 0.2885 0.8613
vt 0.2993 0.8923
vt 0.3281 0.8805
vt 0.3281 0.9116
vt 0.2992 0.8810
vt 0.3027 0.8837
vt 0.3074 0.8850
vt 0.3130 0.8841
vt 0.3167 0.8818
vt 0.3199 0.8775
vt 0.3205 0.8731
vt 0.3201 0.8687
vt 0.3649 0.8904
vt 0.3476 0.8659
vt 0.3321 0.8387
vt 0.3148 0.8514
vt 0.3169 0.8637
vt 0.3126 0.8611
vt 0.3097 0.8606
vt 0.3048 0.8611
vt 0.3001 0.8639
vt 0.2975 0.8672
vt 0.2962 0.8717
vt 0.2969 0.8766
vt 0.2291 0.8377
vt 0.2543 0.8418
vt 0.2769 0.8394
vt 0.2989 0.8326
vt 0.3180 0.8219
vt 0.3534 0.8195
vt 0.3737 0.8415
vt 0.3947 0.8605
vt 0.4355 0.8400
vt 0.4630 0.8587
vt 0.4835 0.8148
vt 0.4951 0.7749
vt 0.5259 0.7768
vt 0.5165 0.8221
vt 0.4542 0.8019
vt 0.4155 0.8287
vt 0.3909 0.8149
vt 0.3676 0.7998
vt 0.3494 0.7899
vt 0.3382 0.8049
vt 0.3775 0.7798
vt 0.3709 0.7895
vt 0.3680 0.7930
vt 0.3658 0.7941
vt 0.3635 0.7946
vt 0.3592 0.7931
vt 0.3563 0.7907
vt 0.3553 0.7886
vt 0.3551 0.7858
vt 0.3559 0.7824
vt 0.3593 0.7725
vt 0.3583 0.7795
vt 0.3610 0.7781
vt 0.3634 0.7779
vt 0.3665 0.7786
vt 0.3693 0.7803
vt 0.3709 0.7827
vt 0.3715 0.7855
vt 0.3847 0.7530
vt 0.3689 0.7511
vt 0.3874 0.7306
vt 0.3720 0.7310
vt 0.3870 0.7062
vt 0.3736 0.7099
vt 0.3837 0.6830
vt 0.3706 0.6892
vt 0.3721 0.6534
vt 0.3607 0.6641
vt 0.3560 0.6341
vt 0.3450 0.6461
vt 0.3386 0.6237
vt 0.3301 0.6360
vt 0.3159 0.6153
vt 0.3116 0.6280
vt 0.4142 0.7036
vt 0.4429 0.7343
vt 0.4154 0.7329
vt 0.4396 0.7664
vt 0.4684 0.7334
vt 0.4120 0.7601
vt 0.4045 0.7860
vt 0.4317 0.7948
vt 0.4625 0.7679
vt 0.4990 0.7341
vt 0.4091 0.6756
vt 0.4408 0.7005
vt 0.4648 0.6944
vt 0.4954 0.6904
vt 0.5278 0.7266
vt 0.4955 0.8724
vt 0.5277 0.8639
vt 0.5411 0.8215
vt 0.5487 0.7711
vt 0.5480 0.7173
vt 0.5219 0.6819
vt 0.4835 0.6452
vt 0.4556 0.6556
vt 0.4336 0.6677
vt 0.3905 0.6382
vt 0.4592 0.9214
vt 0.4978 0.9152
vt 0.4826 0.9338
vt 0.4711 0.9446
vt 0.5335 0.8657
vt 0.5214 0.8776
vt 0.5143 0.8903
vt 0.5008 0.9212
vt 0.4851 0.9400
vt 0.4732 0.9508
vt 0.4586 0.9528
vt 0.4459 0.9578
vt 0.4356 0.9662
vt 0.4239 0.9674
vt 0.5261 0.8819
vt 0.5164 0.8980
vt 0.5345 0.6392
vt 0.5227 0.6190
vt 0.5282 0.6211
vt 0.5403 0.6563
vt 0.5404 0.6711
vt 0.5465 0.6740
vt 0.5485 0.6877
vt 0.5508 0.7038
vt 0.5534 0.7212
vt 0.5532 0.7363
vt 0.5534 0.7573
vt 0.5537 0.7744
vt 0.5512 0.7889
vt 0.5482 0.8101
vt 0.5462 0.8251
vt 0.5407 0.8422
vt 0.4123 0.6260
vt 0.4348 0.6150
vt 0.4625 0.5999
vt 0.5070 0.6334
vt 0.3863 0.5973
vt 0.4048 0.5778
vt 0.4274 0.5559
vt 0.4827 0.5830
vt 0.4956 0.5676
vt 0.4452 0.5355
vt 0.3904 0.5315
vt 0.3731 0.5572
vt 0.3618 0.5819
vt 0.2986 0.5871
vt 0.2965 0.6112
vt 0.2764 0.6103
vt 0.3215 0.5921
vt 0.3269 0.5688
vt 0.3359 0.5423
vt 0.3455 0.5123
vt 0.4039 0.5076
vt 0.4577 0.5221
vt 0.4876 0.5532
vt 0.4993 0.5678
vt 0.5089 0.5869
vt 0.5192 0.6054
vt 0.3503 0.6028
vt 0.3692 0.6255
vt 0.3666 0.6248
vt 0.3636 0.6231
vt 0.3613 0.6205
vt 0.3600 0.6170
vt 0.3723 0.6255
vt 0.3757 0.6242
vt 0.3781 0.6220
vt 0.3797 0.6193
vt 0.3804 0.6168
vt 0.3802 0.6130
vt 0.3790 0.6102
vt 0.3771 0.6078
vt 0.3747 0.6063
vt 0.3716 0.6051
vt 0.3688 0.6050
vt 0.3659 0.6059
vt 0.3634 0.6074
vt 0.3614 0.6099
vt 0.3600 0.6135
vt 0.2607 0.7069
vt 0.2696 0.7033
vt 0.2791 0.7016
vt 0.2729 0.6817
vt 0.2815 0.6815
vt 0.2736 0.6692
vt 0.2840 0.6676
vt 0.2734 0.6607
vt 0.2858 0.6591
vt 0.2741 0.6520
vt 0.2877 0.6505
vt 0.2747 0.6396
vt 0.2908 0.6386
vt 0.2761 0.6262
vt 0.2943 0.6253
vt 0.3056 0.6405
vt 0.3009 0.6519
vt 0.2979 0.6600
vt 0.2950 0.6685
vt 0.2894 0.6819
vt 0.2882 0.7036
vt 0.2956 0.7095
vt 0.2980 0.7222
vt 0.3141 0.7000
vt 0.3304 0.6649
vt 0.3168 0.6562
vt 0.3237 0.6461
vt 0.3240 0.6718
vt 0.3339 0.6856
vt 0.3267 0.6907
vt 0.3186 0.6785
vt 0.3073 0.6903
vt 0.2993 0.6842
vt 0.3073 0.6713
vt 0.3114 0.6645
vt 0.3382 0.6562
vt 0.3500 0.6729
vt 0.3414 0.6806
vt 0.3169 0.7111
vt 0.3304 0.7052
vt 0.3383 0.7015
vt 0.3465 0.6985
vt 0.3578 0.6935
vt 0.3597 0.7125
vt 0.3578 0.7302
vt 0.3544 0.7480
vt 0.3480 0.7670
vt 0.2831 0.7980
vt 0.2688 0.8021
vt 0.2680 0.7924
vt 0.2854 0.8074
vt 0.3003 0.7998
vt 0.3080 0.8096
vt 0.3271 0.7949
vt 0.3177 0.7861
vt 0.3390 0.7813
vt 0.3293 0.7728
vt 0.3366 0.7598
vt 0.3424 0.7453
vt 0.3457 0.7306
vt 0.3477 0.7149
vt 0.2704 0.8121
vt 0.2545 0.8031
vt 0.2559 0.7937
vt 0.2446 0.7909
vt 0.2523 0.7748
vt 0.2442 0.7721
vt 0.2516 0.7510
vt 0.2169 0.8164
vt 0.2121 0.7954
vt 0.2100 0.7785
vt 0.2136 0.7605
vt 0.2251 0.7448
vt 0.2458 0.7408
vt 0.2620 0.7561
vt 0.2604 0.7762
vt 0.2401 0.8009
vt 0.2346 0.7871
vt 0.2369 0.7668
vt 0.2322 0.7603
vt 0.2279 0.7526
vt 0.2179 0.7722
vt 0.2180 0.7883
vt 0.2243 0.8038
vt 0.2334 0.8226
vt 0.2379 0.8100
vt 0.2246 0.7803
vt 0.2291 0.7957
vt 0.2524 0.8139
vt 0.2528 0.8258
vt 0.2733 0.8238
vt 0.2919 0.8190
vt 0.1553 0.8597
vt 0.1342 0.8822
vt 0.1149 0.9055
vt 0.0998 0.9222
vt 0.1020 0.9497
vt 0.0878 0.9387
vt 0.0831 0.9450
vt 0.0708 0.9337
vt 0.0764 0.9281
vt 0.0567 0.9185
vt 0.0623 0.9128
vt 0.0441 0.9025
vt 0.0669 0.8856
vt 0.0504 0.8975
vt 0.0436 0.8874
vt 0.0341 0.8699
vt 0.0469 0.8439
vt 0.0269 0.8529
vt 0.0221 0.8381
vt 0.0637 0.8344
vt 0.0152 0.7412
vt 0.0330 0.7552
vt 0.0142 0.7582
vt 0.0139 0.7694
vt 0.0351 0.7950
vt 0.0143 0.7848
vt 0.0151 0.7980
vt 0.0174 0.8168
vt 0.0530 0.7891
vt 0.0753 0.7807
vt 0.1066 0.7747
vt 0.1399 0.7680
vt 0.1601 0.7386
vt 0.1478 0.6459
vt 0.1675 0.6638
vt 0.1525 0.6857
vt 0.1253 0.6723
vt 0.1302 0.6223
vt 0.1027 0.6567
vt 0.0816 0.6496
vt 0.0622 0.6859
vt 0.0481 0.6859
vt 0.0359 0.7237
vt 0.0524 0.7268
vt 0.0506 0.7541
vt 0.0731 0.7320
vt 0.1033 0.7269
vt 0.1134 0.6087
vt 0.1437 0.5812
vt 0.1593 0.5980
vt 0.1745 0.5590
vt 0.1878 0.5805
vt 0.1752 0.6210
vt 0.1871 0.6440
vt 0.2004 0.6044
vt 0.2165 0.5696
vt 0.2083 0.5460
vt 0.2429 0.5378
vt 0.2478 0.5631
vt 0.2252 0.5947
vt 0.2072 0.6303
vt 0.1977 0.6392
vt 0.1954 0.6416
vt 0.1942 0.6446
vt 0.1942 0.6477
vt 0.1955 0.6507
vt 0.2342 0.6684
vt 0.2479 0.6610
vt 0.2506 0.6687
vt 0.2257 0.6584
vt 0.2434 0.6493
vt 0.2173 0.6481
vt 0.2392 0.6352
vt 0.2346 0.6202
vt 0.2524 0.5878
vt 0.2732 0.5624
vt 0.2726 0.5332
vt 0.1990 0.6607
vt 0.1839 0.6760
vt 0.2093 0.6699
vt 0.2010 0.6378
vt 0.2045 0.6380
vt 0.2071 0.6391
vt 0.2094 0.6414
vt 0.2107 0.6444
vt 0.2107 0.6475
vt 0.2097 0.6503
vt 0.2069 0.6531
vt 0.2034 0.6544
vt 0.2007 0.6544
vt 0.1977 0.6530
vt 0.0855 0.6883
vt 0.1133 0.6913
vt 0.1439 0.7024
vt 0.1725 0.6948
vt 0.1959 0.6860
vt 0.2196 0.6785
vt 0.2383 0.6754
vt 0.2530 0.6769
vt 0.2429 0.6827
vt 0.1117 0.7102
vt 0.1114 0.7150
vt 0.1141 0.7047
vt 0.1179 0.7016
vt 0.1223 0.7004
vt 0.1267 0.7008
vt 0.1313 0.7028
vt 0.1344 0.7064
vt 0.1360 0.7104
vt 0.1355 0.7160
vt 0.2268 0.6842
vt 0.2067 0.6937
vt 0.1867 0.7033
vt 0.1644 0.7148
vt 0.1363 0.7332
vt 0.1329 0.7212
vt 0.1299 0.7239
vt 0.1257 0.7255
vt 0.1195 0.7246
vt 0.1158 0.7226
vt 0.1131 0.7197
vt 0.1794 0.7233
vt 0.1993 0.7080
vt 0.2150 0.6965
vt 0.2329 0.6908
vt 0.2496 0.6928
vt 0.2569 0.6883
vt 0.2650 0.6843
vt 0.2639 0.6722
vt 0.2626 0.6636
vt 0.2619 0.6547
vt 0.2605 0.6425
vt 0.2590 0.6285
vt 0.2578 0.6134
vt 0.2744 0.5860
vt 0.3005 0.5638
vt 0.3040 0.5345
vt 0.2765 0.5036
vt 0.3110 0.5055
vt 0.3176 0.4738
vt 0.3565 0.4862
vt 0.1942 0.4769
vt 0.1959 0.4617
vt 0.2446 0.4543
vt 0.2404 0.4704
vt 0.2866 0.4546
vt 0.2795 0.4688
vt 0.3243 0.4625
vt 0.3640 0.4761
vt 0.4135 0.4943
vt 0.4429 0.5083
vt 0.4607 0.5197
vt 0.4759 0.5391
vt 0.4223 0.4957
vt 0.4118 0.4905
vt 0.3914 0.4839
vt 0.3752 0.4784
vt 0.3593 0.4728
vt 0.3465 0.4682
vt 0.3328 0.4631
vt 0.3202 0.4581
vt 0.3049 0.4543
vt 0.2920 0.4511
vt 0.2814 0.4500
vt 0.2667 0.4497
vt 0.2511 0.4496
vt 0.2391 0.4504
vt 0.2259 0.4525
vt 0.2082 0.4556
vt 0.1912 0.4585
vt 0.1727 0.4645
vt 0.1456 0.4766
vt 0.1555 0.4698
vt 0.1403 0.4745
vt 0.1260 0.4809
vt 0.1097 0.4871
vt 0.0131 0.5833
vt 0.0209 0.5787
vt 0.0178 0.5992
vt 0.0263 0.5635
vt 0.0368 0.5752
vt 0.0334 0.5521
vt 0.0522 0.5507
vt 0.0441 0.5395
vt 0.0587 0.5260
vt 0.0521 0.5235
vt 0.0738 0.5061
vt 0.0805 0.5089
vt 0.0903 0.4959
vt 0.0953 0.4994
vt 0.1075 0.4931
vt 0.1466 0.4918
vt 0.0195 0.6929
vt 0.0319 0.6828
vt 0.0171 0.7215
vt 0.0194 0.6719
vt 0.0188 0.6547
vt 0.0503 0.6384
vt 0.0181 0.6358
vt 0.0176 0.6175
vt 0.0881 0.5884
vt 0.0983 0.5146
vt 0.1257 0.5559
vt 0.1631 0.5312
vt 0.2441 0.5064
vt 0.2026 0.5151
vt 0.0355 0.8892
vt 0.0263 0.8716
vt 0.0184 0.8521
vt 0.0139 0.8364
vt 0.0106 0.8152
vt 0.0094 0.7960
vt 0.0094 0.7824
vt 0.0096 0.7679
vt 0.0094 0.7534
vt 0.0098 0.7369
vt 0.0110 0.7139
vt 0.0125 0.6913
vt 0.0127 0.6691
vt 0.0121 0.6555
vt 0.0113 0.6378
vt 0.0108 0.6169
vt 0.0112 0.5990
vt 0.0372 0.5375
vt 0.0273 0.5491
vt 0.0190 0.5634
vt 0.3391 0.7164
vt 0.3307 0.7176
vt 0.3167 0.7207
vt 0.2963 0.7329
vt 0.2911 0.7428
vt 0.2832 0.7511
vt 0.3038 0.7553
vt 0.2964 0.7628
vt 0.3146 0.7632
vt 0.3058 0.7722
vt 0.3220 0.7682
vt 0.3125 0.7792
vt 0.3124 0.7395
vt 0.3091 0.7478
vt 0.3207 0.7529
vt 0.3284 0.7564
vt 0.3258 0.7413
vt 0.3342 0.7436
vt 0.3372 0.7309
vt 0.3286 0.7306
vt 0.3151 0.7311
vt 0.2972 0.7898
vt 0.2823 0.7872
vt 0.2692 0.7761
vt 0.2733 0.7554
vt 0.2880 0.7693
vt 0.2935 0.7816
vt 0.2794 0.7735
vt 0.8543 0.8381
vt 0.8762 0.8283
vt 0.8771 0.8572
vt 0.8642 0.8631
vt 0.8798 0.8930
vt 0.8534 0.8734
vt 0.8486 0.8841
vt 0.8270 0.8728
vt 0.8244 0.8902
vt 0.8081 0.8841
vt 0.8073 0.9047
vt 0.7853 0.9017
vt 0.7852 0.9057
vt 0.7850 0.9120
vt 0.7850 0.9178
vt 0.7853 0.9231
vt 0.7864 0.9300
vt 0.8118 0.9284
vt 0.7882 0.9371
vt 0.7901 0.9423
vt 0.9169 0.8932
vt 0.9129 0.9061
vt 0.9042 0.9178
vt 0.8912 0.9245
vt 0.8777 0.9273
vt 0.8652 0.9262
vt 0.8554 0.9204
vt 0.8493 0.9124
vt 0.8239 0.9051
vt 0.8478 0.8942
vt 0.8474 0.9027
vt 0.8283 0.9220
vt 0.8388 0.9364
vt 0.8559 0.9470
vt 0.8784 0.9509
vt 0.9027 0.9454
vt 0.9245 0.9322
vt 0.9388 0.9120
vt 0.9662 0.8593
vt 0.9696 0.8876
vt 0.9451 0.8900
vt 0.9647 0.9183
vt 0.9488 0.9489
vt 0.9247 0.9649
vt 0.9043 0.9662
vt 0.8813 0.9669
vt 0.8496 0.9643
vt 0.8258 0.9492
vt 0.9656 0.9657
vt 0.9605 0.9713
vt 0.9720 0.9573
vt 0.9762 0.9513
vt 0.9805 0.9441
vt 0.9833 0.9379
vt 0.9855 0.9322
vt 0.9877 0.9256
vt 0.9897 0.9184
vt 0.9915 0.9108
vt 0.9929 0.9035
vt 0.9936 0.8962
vt 0.9940 0.8908
vt 0.9942 0.8858
vt 0.9942 0.8795
vt 0.9941 0.8735
vt 0.9938 0.8690
vt 0.9931 0.8636
vt 0.9920 0.8570
vt 0.9907 0.8506
vt 0.9890 0.8439
vt 0.9870 0.8379
vt 0.9839 0.8298
vt 0.9801 0.8224
vt 0.9549 0.8335
vt 0.9747 0.8140
vt 0.9710 0.8094
vt 0.9639 0.8015
vt 0.9361 0.8153
vt 0.9568 0.7953
vt 0.9478 0.7896
vt 0.9407 0.7861
vt 0.9326 0.7828
vt 0.9061 0.8041
vt 0.8040 0.8597
vt 0.8360 0.8550
vt 0.8166 0.8338
vt 0.8446 0.8140
vt 0.8752 0.8041
vt 0.8996 0.8264
vt 0.9232 0.8340
vt 0.9372 0.8483
vt 0.9447 0.8685
vt 0.8132 0.8058
vt 0.8205 0.8008
vt 0.8083 0.8100
vt 0.8034 0.8147
vt 0.7963 0.8224
vt 0.7908 0.8293
vt 0.7878 0.8341
vt 0.7860 0.8393
vt 0.7853 0.8447
vt 0.7852 0.8484
vt 0.7854 0.8527
vt 0.7857 0.8588
vt 0.7863 0.8659
vt 0.7867 0.8739
vt 0.7870 0.8803
vt 0.7869 0.8853
vt 0.7862 0.8914
vt 0.7856 0.8962
vt 0.9239 0.7805
vt 0.9147 0.7789
vt 0.9063 0.7781
vt 0.8983 0.7778
vt 0.8906 0.7778
vt 0.8825 0.7785
vt 0.8770 0.7793
vt 0.8705 0.7804
vt 0.8633 0.7819
vt 0.8576 0.7834
vt 0.8499 0.7861
vt 0.8435 0.7886
vt 0.8385 0.7909
vt 0.8311 0.7945
vt 0.8261 0.7974
vt 0.7921 0.9470
vt 0.7953 0.9529
vt 0.7995 0.9586
vt 0.8028 0.9625
vt 0.8080 0.9681
vt 0.8128 0.9724
vt 0.8172 0.9760
vt 0.8231 0.9800
vt 0.8291 0.9833
vt 0.8338 0.9856
vt 0.8402 0.9880
vt 0.8472 0.9901
vt 0.8526 0.9911
vt 0.8599 0.9922
vt 0.8667 0.9920
vt 0.8714 0.9916
vt 0.8765 0.9910
vt 0.8817 0.9902
vt 0.8877 0.9892
vt 0.8961 0.9873
vt 0.9042 0.9853
vt 0.9124 0.9842
vt 0.9174 0.9840
vt 0.9240 0.9834
vt 0.9319 0.9828
vt 0.9386 0.9822
vt 0.9443 0.9812
vt 0.9518 0.9787
vt 0.9567 0.9752
vt 0.9169 0.8806
vt 0.9129 0.8687
vt 0.9047 0.8602
vt 0.8909 0.8558
vt 0.2028 0.6496
vt 0.2019 0.6496
vt 0.2021 0.6487
vt 0.2013 0.6483
vt 0.2026 0.6462
vt 0.2006 0.6475
vt 0.2002 0.6466
vt 0.1998 0.6480
vt 0.1992 0.6468
vt 0.1979 0.6493
vt 0.1970 0.6473
vt 0.1955 0.6507
vt 0.1942 0.6477
vt 0.1969 0.6452
vt 0.1942 0.6446
vt 0.1978 0.6431
vt 0.1954 0.6416
vt 0.1994 0.6415
vt 0.1977 0.6392
vt 0.2016 0.6406
vt 0.2055 0.6478
vt 0.2043 0.6490
vt 0.2038 0.6482
vt 0.2026 0.6487
vt 0.2047 0.6473
vt 0.2049 0.6465
vt 0.2050 0.6456
vt 0.2046 0.6448
vt 0.2040 0.6442
vt 0.2033 0.6439
vt 0.2022 0.6438
vt 0.2013 0.6442
vt 0.2005 0.6449
vt 0.1997 0.6444
vt 0.2007 0.6434
vt 0.2020 0.6428
vt 0.2035 0.6429
vt 0.2045 0.6434
vt 0.2054 0.6443
vt 0.2059 0.6455
vt 0.2059 0.6467
vt 0.1992 0.6457
vt 0.2002 0.6459
vt 0.2057 0.6414
vt 0.2073 0.6430
vt 0.2040 0.6407
vt 0.2010 0.6378
vt 0.2045 0.6380
vt 0.2071 0.6391
vt 0.2094 0.6414
vt 0.2081 0.6450
vt 0.2107 0.6444
vt 0.2081 0.6471
vt 0.2107 0.6475
vt 0.2074 0.6490
vt 0.2097 0.6503
vt 0.2056 0.6509
vt 0.2069 0.6531
vt 0.2032 0.6518
vt 0.2034 0.6544
vt 0.2014 0.6518
vt 0.1994 0.6509
vt 0.2007 0.6490
vt 0.2007 0.6544
vt 0.1977 0.6530
vt 0.3632 0.7799
vt 0.3614 0.7801
vt 0.3610 0.7781
vt 0.3630 0.7826
vt 0.3646 0.7830
vt 0.3641 0.7842
vt 0.3650 0.7847
vt 0.3631 0.7859
vt 0.3652 0.7851
vt 0.3654 0.7859
vt 0.3665 0.7846
vt 0.3667 0.7858
vt 0.3690 0.7836
vt 0.3694 0.7858
vt 0.3709 0.7827
vt 0.3715 0.7855
vt 0.3689 0.7889
vt 0.3709 0.7895
vt 0.3666 0.7915
vt 0.3680 0.7930
vt 0.3610 0.7871
vt 0.3610 0.7873
vt 0.3619 0.7880
vt 0.3634 0.7886
vt 0.3636 0.7885
vt 0.3650 0.7893
vt 0.3664 0.7877
vt 0.3652 0.7871
vt 0.3642 0.7883
vt 0.3640 0.7897
vt 0.3634 0.7899
vt 0.3613 0.7892
vt 0.3600 0.7881
vt 0.3593 0.7812
vt 0.3621 0.7827
vt 0.3610 0.7832
vt 0.3575 0.7834
vt 0.3599 0.7846
vt 0.3569 0.7861
vt 0.3596 0.7862
vt 0.3572 0.7881
vt 0.3597 0.7875
vt 0.3579 0.7897
vt 0.3600 0.7915
vt 0.3633 0.7926
vt 0.3650 0.7923
vt 0.3658 0.7941
vt 0.3635 0.7946
vt 0.3592 0.7931
vt 0.3563 0.7907
vt 0.3553 0.7886
vt 0.3551 0.7858
vt 0.3559 0.7824
vt 0.3583 0.7795
vt 0.3634 0.7779
vt 0.3657 0.7805
vt 0.3659 0.7837
vt 0.3678 0.7818
vt 0.3693 0.7803
vt 0.3665 0.7786
vt 0.3608 0.7863
vt 0.3611 0.7852
vt 0.3618 0.7843
vt 0.3624 0.7839
vt 0.3629 0.7839
vt 0.1482 0.9838
vt 0.1296 0.9755
vt 0.1323 0.9688
vt 0.1204 0.9619
vt 0.0979 0.9564
vt 0.1164 0.9684
vt 0.3794 0.6167
vt 0.3791 0.6133
vt 0.3802 0.6130
vt 0.3790 0.6102
vt 0.3781 0.6108
vt 0.3771 0.6078
vt 0.3764 0.6086
vt 0.3747 0.6063
vt 0.3743 0.6072
vt 0.3716 0.6051
vt 0.3714 0.6062
vt 0.3688 0.6050
vt 0.3689 0.6060
vt 0.3659 0.6059
vt 0.3663 0.6068
vt 0.3634 0.6074
vt 0.3640 0.6081
vt 0.3614 0.6099
vt 0.3621 0.6104
vt 0.3600 0.6135
vt 0.3774 0.6214
vt 0.3788 0.6189
vt 0.3797 0.6193
vt 0.3804 0.6168
vt 0.3609 0.6137
vt 0.3600 0.6170
vt 0.3608 0.6169
vt 0.3613 0.6205
vt 0.3621 0.6200
vt 0.3636 0.6231
vt 0.3642 0.6224
vt 0.3666 0.6248
vt 0.3669 0.6239
vt 0.3692 0.6255
vt 0.3693 0.6246
vt 0.3723 0.6255
vt 0.3721 0.6246
vt 0.3757 0.6242
vt 0.3751 0.6234
vt 0.3781 0.6220
vt 0.3761 0.6139
vt 0.3763 0.6161
vt 0.3700 0.6155
vt 0.3791 0.6133
vt 0.3781 0.6108
vt 0.3754 0.6123
vt 0.3764 0.6086
vt 0.3743 0.6110
vt 0.3743 0.6072
vt 0.3729 0.6100
vt 0.3714 0.6062
vt 0.3711 0.6093
vt 0.3689 0.6060
vt 0.3695 0.6092
vt 0.3663 0.6068
vt 0.3677 0.6096
vt 0.3640 0.6081
vt 0.3662 0.6105
vt 0.3621 0.6104
vt 0.3649 0.6120
vt 0.3640 0.6142
vt 0.3639 0.6164
vt 0.3647 0.6186
vt 0.3662 0.6201
vt 0.3680 0.6212
vt 0.3696 0.6217
vt 0.3715 0.6216
vt 0.3736 0.6207
vt 0.3751 0.6193
vt 0.3759 0.6176
vt 0.3609 0.6137
vt 0.3608 0.6169
vt 0.3621 0.6200
vt 0.3642 0.6224
vt 0.3669 0.6239
vt 0.3693 0.6246
vt 0.3721 0.6246
vt 0.3751 0.6234
vt 0.3774 0.6214
vt 0.3788 0.6189
vt 0.3794 0.6167
vt 0.1328 0.7074
vt 0.1342 0.7107
vt 0.1242 0.7132
vt 0.1336 0.7155
vt 0.1315 0.7201
vt 0.1290 0.7224
vt 0.1254 0.7236
vt 0.1201 0.7228
vt 0.1170 0.7211
vt 0.1147 0.7187
vt 0.1133 0.7147
vt 0.1137 0.7107
vt 0.1156 0.7059
vt 0.1187 0.7033
vt 0.1224 0.7022
vt 0.1262 0.7025
vt 0.1302 0.7042
vt 0.4600 0.9590
vt 0.4459 0.9642
vt 0.1545 0.4081
vt 0.1395 0.4083
vt 0.1373 0.4105
vt 0.1569 0.4106
vt 0.1526 0.3960
vt 0.1542 0.3944
vt 0.1399 0.3946
vt 0.1415 0.3961
vt 0.1401 0.4080
vt 0.1416 0.4064
vt 0.1527 0.4063
vt 0.1543 0.4078
vt 0.1569 0.4106
vt 0.1373 0.4105
vt 0.1341 0.4136
vt 0.1343 0.3887
vt 0.1375 0.3918
vt 0.1570 0.3917
vt 0.1602 0.3883
vt 0.1601 0.4141
vt 0.1601 0.4141
vt 0.1341 0.4136
vt 0.1336 0.4171
vt 0.1606 0.4174
vt 0.1637 0.3876
vt 0.1602 0.3883
vt 0.1601 0.4141
vt 0.1636 0.4147
vt 0.1546 0.3941
vt 0.1570 0.3917
vt 0.1375 0.3918
vt 0.1398 0.3940
vt 0.1546 0.3941
vt 0.1545 0.4081
vt 0.1569 0.4106
vt 0.1570 0.3917
vt 0.1602 0.3883
vt 0.1607 0.3849
vt 0.1338 0.3852
vt 0.1343 0.3887
vt 0.1310 0.3880
vt 0.1308 0.4142
vt 0.1341 0.4136
vt 0.1343 0.3887
vt 0.1398 0.3940
vt 0.1395 0.4083
vt 0.1373 0.4105
vt 0.1375 0.3918
vt 0.1545 0.4081
vt 0.1569 0.4106
vt 0.1373 0.4105
vt 0.1395 0.4083
vt 0.1526 0.3960
vt 0.1415 0.3961
vt 0.1399 0.3946
vt 0.1401 0.4080
vt 0.1416 0.4064
vt 0.1527 0.4063
vt 0.1543 0.4078
vt 0.1542 0.3944
vt 0.1569 0.4106
vt 0.1601 0.4141
vt 0.1341 0.4136
vt 0.1373 0.4105
vt 0.1343 0.3887
vt 0.1375 0.3918
vt 0.1570 0.3917
vt 0.1602 0.3883
vt 0.1601 0.4141
vt 0.1606 0.4174
vt 0.1336 0.4171
vt 0.1341 0.4136
vt 0.1637 0.3876
vt 0.1636 0.4147
vt 0.1601 0.4141
vt 0.1602 0.3883
vt 0.1546 0.3941
vt 0.1398 0.3940
vt 0.1375 0.3918
vt 0.1570 0.3917
vt 0.1546 0.3941
vt 0.1570 0.3917
vt 0.1569 0.4106
vt 0.1545 0.4081
vt 0.1602 0.3883
vt 0.1343 0.3887
vt 0.1338 0.3852
vt 0.1607 0.3849
vt 0.1310 0.3880
vt 0.1343 0.3887
vt 0.1341 0.4136
vt 0.1308 0.4142
vt 0.3174 0.8727
vt 0.3170 0.8760
vt 0.3083 0.8721
vt 0.3205 0.8731
vt 0.3201 0.8687
vt 0.3171 0.8694
vt 0.3169 0.8637
vt 0.3147 0.8657
vt 0.3126 0.8611
vt 0.3115 0.8637
vt 0.3097 0.8606
vt 0.3093 0.8634
vt 0.3048 0.8611
vt 0.3057 0.8638
vt 0.3001 0.8639
vt 0.3021 0.8658
vt 0.2975 0.8672
vt 0.3002 0.8683
vt 0.2962 0.8717
vt 0.2992 0.8717
vt 0.2997 0.8754
vt 0.3014 0.8787
vt 0.3041 0.8807
vt 0.3076 0.8818
vt 0.3118 0.8810
vt 0.3146 0.8793
vt 0.2969 0.8766
vt 0.2992 0.8810
vt 0.3027 0.8837
vt 0.3074 0.8850
vt 0.3130 0.8841
vt 0.3167 0.8818
vt 0.3199 0.8775
vt 0.1262 0.7025
vt 0.1224 0.7022
vt 0.1223 0.7004
vt 0.1179 0.7016
vt 0.1187 0.7033
vt 0.1141 0.7047
vt 0.1156 0.7059
vt 0.1117 0.7102
vt 0.1137 0.7107
vt 0.1114 0.7150
vt 0.1133 0.7147
vt 0.1131 0.7197
vt 0.1147 0.7187
vt 0.1158 0.7226
vt 0.1170 0.7211
vt 0.1195 0.7246
vt 0.1201 0.7228
vt 0.1257 0.7255
vt 0.1254 0.7236
vt 0.1299 0.7239
vt 0.1290 0.7224
vt 0.1329 0.7212
vt 0.1315 0.7201
vt 0.1355 0.7160
vt 0.1336 0.7155
vt 0.1360 0.7104
vt 0.1342 0.7107
vt 0.1344 0.7064
vt 0.1328 0.7074
vt 0.1313 0.7028
vt 0.1302 0.7042
vt 0.1267 0.7008
vn 0.2724 -0.9465 -0.1727
vn 0.7633 0.4791 -0.4334
vn 0.8321 0.5033 -0.2329
vn 0.5642 0.8042 -0.1869
vn 0.9312 0.2764 -0.2376
vn 0.8634 0.2498 -0.4382
vn 0.9172 0.3259 -0.2289
vn 0.8538 0.3061 -0.4212
vn 0.8133 0.4215 -0.4012
vn 0.7058 0.4007 -0.5842
vn 0.6189 0.5782 -0.5315
vn 0.4847 0.5606 -0.6714
vn 0.3621 0.7322 -0.5768
vn 0.2482 0.7124 -0.6564
vn 0.1682 0.8209 -0.5457
vn 0.0783 0.8089 -0.5827
vn 0.0227 0.8859 -0.4633
vn -0.0584 0.8657 -0.4972
vn -0.0858 0.9377 -0.3365
vn -0.1383 0.9291 -0.3429
vn -0.1378 0.9751 -0.1737
vn 0.2181 0.9304 -0.2947
vn 0.1526 0.9141 -0.3757
vn 0.0446 0.9620 -0.2692
vn 0.0052 0.9552 -0.2957
vn -0.0602 0.9883 -0.1398
vn -0.0974 0.9806 -0.1701
vn -0.1342 0.9909 -0.0013
vn -0.0342 0.9446 -0.3265
vn 0.0907 0.8994 -0.4275
vn 0.2438 0.8471 -0.4722
vn 0.4776 0.7590 -0.4425
vn 0.7187 0.5912 -0.3658
vn 0.8748 0.4317 -0.2196
vn 0.3346 0.8707 -0.3604
vn 0.5712 0.7635 -0.3012
vn 0.7720 0.6031 -0.2004
vn 0.8979 0.4398 -0.0191
vn 0.9409 0.3379 -0.0199
vn 0.9247 0.3321 0.1862
vn 0.9399 0.2822 0.1923
vn 0.2939 0.8681 0.4001
vn 0.4668 0.7363 0.4899
vn 0.3761 0.6334 0.6762
vn 0.4928 0.8107 0.3160
vn 0.7590 0.5049 0.4110
vn 0.8314 0.5192 0.1982
vn 0.8700 0.2565 0.4209
vn 0.8593 0.3148 0.4030
vn 0.8816 0.4352 0.1822
vn 0.7978 0.6026 -0.0182
vn 0.6177 0.7675 -0.1714
vn 0.4167 0.8733 -0.2523
vn 0.3041 0.9221 0.2395
vn 0.5604 0.8142 0.1516
vn 0.3501 0.9300 0.1122
vn 0.8395 0.4640 0.2827
vn 0.8078 0.4583 0.3706
vn 0.7748 0.4455 0.4486
vn 0.7321 0.4436 0.5169
vn 0.6865 0.4241 0.5907
vn 0.6401 0.3777 0.6690
vn 0.5929 0.3632 0.7187
vn 0.2452 0.7786 0.5776
vn 0.5614 0.3258 0.7606
vn 0.5301 0.2361 0.8144
vn 0.5137 0.2088 0.8321
vn 0.2353 0.6733 0.7009
vn 0.5190 -0.0372 0.8540
vn 0.5611 -0.6235 0.5445
vn 0.5423 -0.5725 0.6149
vn 0.5769 -0.5252 0.6256
vn 0.5824 -0.5030 0.6385
vn 0.6108 -0.4496 0.6517
vn 0.6519 -0.3714 0.6611
vn 0.6947 -0.3418 0.6329
vn 0.7525 -0.2973 0.5876
vn 0.8073 -0.2844 0.5170
vn 0.8512 -0.2935 0.4350
vn 0.8906 -0.2891 0.3510
vn 0.7892 -0.5476 0.2780
vn 0.7264 -0.2153 0.6526
vn 0.7081 -0.2082 0.6747
vn 0.7725 -0.5618 0.2958
vn 0.7791 -0.4571 0.4290
vn 0.7288 -0.5879 0.3509
vn 0.7323 -0.4555 0.5062
vn 0.6706 -0.6172 0.4115
vn 0.5549 -0.0212 0.8316
vn 0.5926 -0.6603 0.4612
vn 0.5002 -0.0128 0.8658
vn 0.4861 -0.0611 0.8718
vn 0.2172 0.5792 0.7857
vn 0.2378 0.5899 0.7716
vn 0.1714 0.5893 0.7895
vn 0.1742 0.5847 0.7923
vn 0.3839 0.2989 0.8737
vn 0.4367 0.2370 0.8678
vn 0.3046 0.3562 0.8833
vn 0.6097 -0.1050 0.7856
vn 0.1089 0.4784 0.8713
vn 0.1663 0.4924 0.8543
vn 0.0497 0.4384 0.8974
vn 0.2195 0.3713 0.9022
vn 0.1031 0.2699 0.9573
vn 0.7347 0.2711 0.6218
vn 0.7252 0.1747 0.6660
vn 0.6817 0.4321 0.5904
vn 0.5478 0.3930 0.7385
vn 0.3202 0.4800 0.8167
vn 0.5658 0.2467 0.7868
vn 0.5893 0.1078 0.8006
vn 0.4274 0.0892 0.8997
vn 0.4509 0.2619 0.8533
vn 0.5773 0.1353 0.8052
vn 0.5536 0.1161 0.8246
vn 0.5441 0.0812 0.8351
vn 0.5354 -0.0649 0.8420
vn 0.4971 0.0660 0.8652
vn 0.4682 0.1149 0.8761
vn 0.4528 0.1273 0.8825
vn 0.3251 0.1343 0.9361
vn 0.3081 0.1655 0.9369
vn 0.3074 0.1141 0.9447
vn 0.2597 0.2101 0.9425
vn 0.3846 0.2294 0.8941
vn 0.3930 0.1631 0.9049
vn 0.4252 0.1834 0.8863
vn 0.4439 0.2155 0.8698
vn 0.4592 0.2689 0.8466
vn 0.5001 0.2203 0.8375
vn 0.5343 0.1831 0.8252
vn 0.5907 0.1679 0.7892
vn 0.6306 0.1593 0.7596
vn 0.8166 0.4327 0.3820
vn 0.7055 0.3997 0.5852
vn 0.5564 0.3768 0.7406
vn 0.3974 0.3634 0.8426
vn 0.2369 0.3589 0.9028
vn 0.1004 0.1957 0.9755
vn 0.1297 0.1066 0.9858
vn 0.1369 0.0944 0.9861
vn -0.0507 0.2281 0.9723
vn -0.0706 0.4121 0.9084
vn -0.2012 0.3954 0.8961
vn -0.3427 0.3741 0.8617
vn -0.3520 0.4226 0.8351
vn -0.2178 0.4469 0.8676
vn -0.1993 0.2227 0.9543
vn -0.0312 0.0743 0.9967
vn -0.0375 0.0921 0.9950
vn -0.0566 0.1832 0.9814
vn -0.0616 0.3257 0.9434
vn 0.0769 0.3362 0.9386
vn -0.1819 0.1708 0.9684
vn -0.1188 0.2797 0.9527
vn -0.1253 0.2789 0.9521
vn -0.1494 0.2366 0.9600
vn -0.1311 0.2383 0.9623
vn -0.1419 0.2329 0.9621
vn -0.0360 0.2272 0.9731
vn -0.1295 0.2560 0.9579
vn -0.1133 0.2308 0.9664
vn -0.1200 0.2685 0.9557
vn -0.1931 0.3200 0.9275
vn -0.1208 0.3012 0.9459
vn -0.1429 0.2622 0.9544
vn -0.1556 0.2449 0.9569
vn -0.1773 0.2373 0.9551
vn -0.1613 0.2273 0.9604
vn -0.1068 0.1952 0.9749
vn -0.1022 0.2000 0.9744
vn -0.3218 0.1661 0.9321
vn -0.3145 0.2971 0.9015
vn -0.4677 0.1535 0.8704
vn -0.4560 0.2942 0.8399
vn -0.6196 0.1284 0.7743
vn -0.5940 0.2593 0.7615
vn -0.7859 0.0924 0.6113
vn -0.7566 0.2247 0.6140
vn -0.9334 0.0598 0.3539
vn -0.9097 0.2049 0.3612
vn -0.9973 0.0620 0.0380
vn -0.9761 0.2150 0.0321
vn -0.9606 0.0574 -0.2720
vn -0.9399 0.2186 -0.2622
vn -0.8627 0.0684 -0.5011
vn -0.8472 0.2144 -0.4861
vn -0.6154 0.0287 0.7877
vn -0.4563 0.0217 0.8896
vn -0.4582 0.0558 0.8871
vn -0.3066 0.0410 0.9509
vn -0.4772 0.1865 0.8587
vn -0.3121 0.0759 0.9470
vn -0.1763 0.0875 0.9804
vn -0.1744 0.0642 0.9826
vn -0.3387 0.1948 0.9205
vn -0.4676 0.3576 0.8083
vn -0.7848 -0.0110 0.6196
vn -0.6154 -0.0057 0.7881
vn -0.6374 0.1675 0.7521
vn -0.6086 0.3458 0.7142
vn -0.4758 0.4078 0.7793
vn -0.0864 0.4707 0.8780
vn -0.0609 -0.2502 0.9663
vn -0.1774 -0.2376 0.9550
vn -0.3306 -0.2361 0.9137
vn -0.4542 -0.2763 0.8469
vn -0.6064 0.3915 0.6920
vn -0.7487 0.3510 0.5623
vn -0.7918 0.1631 0.5886
vn -0.7782 -0.0366 0.6269
vn -0.9333 -0.0431 0.3565
vn 0.0311 0.4687 0.8828
vn 0.1194 -0.2581 0.9587
vn 0.2001 -0.2786 0.9393
vn 0.3023 -0.2760 0.9123
vn 0.0563 -0.8421 0.5363
vn 0.0019 -0.2572 0.9663
vn 0.0548 -0.2646 0.9628
vn 0.2119 -0.8419 0.4963
vn 0.2831 -0.8330 0.4753
vn 0.3953 -0.8168 0.4201
vn 0.4636 -0.2256 0.8568
vn 0.5666 -0.1499 0.8102
vn 0.7501 -0.5971 0.2843
vn 0.7754 -0.5719 0.2676
vn 0.1162 -0.8441 0.5235
vn 0.1653 -0.8357 0.5237
vn -0.4845 -0.6338 0.6029
vn -0.7490 -0.2382 0.6183
vn -0.4028 -0.7845 0.4714
vn -0.3704 -0.7897 0.4890
vn -0.5903 -0.2932 0.7520
vn -0.2348 -0.8552 0.4620
vn -0.2530 -0.8089 0.5307
vn -0.2412 -0.8173 0.5233
vn -0.1607 -0.8470 0.5067
vn -0.1754 -0.7850 0.5941
vn -0.1687 -0.7900 0.5895
vn -0.1117 -0.8140 0.5700
vn -0.1084 -0.7248 0.6803
vn -0.0843 -0.7817 0.6179
vn -0.0020 -0.8265 0.5629
vn 0.0187 -0.7415 0.6707
vn -0.9305 -0.0586 0.3616
vn -0.9194 0.1575 0.3603
vn -0.8595 0.3681 0.3546
vn -0.7327 0.3926 0.5559
vn -0.9965 -0.0820 0.0132
vn -0.9829 0.1830 0.0198
vn -0.9188 0.3923 0.0440
vn -0.8394 0.4184 0.3468
vn -0.9147 -0.1359 0.3806
vn -0.9054 0.4227 0.0402
vn -0.8860 0.3853 -0.2579
vn -0.9429 0.1625 -0.2907
vn -0.9551 -0.0734 -0.2871
vn -0.7315 0.0065 -0.6818
vn -0.7348 0.0957 -0.6715
vn -0.6062 0.1232 -0.7857
vn -0.8577 -0.0209 -0.5137
vn -0.8518 -0.0562 -0.5208
vn -0.8533 0.1415 -0.5018
vn -0.8010 0.3682 -0.4720
vn -0.8687 0.4195 -0.2634
vn -0.9817 -0.1852 0.0445
vn -0.9317 -0.2664 0.2468
vn -0.6447 -0.6762 0.3564
vn -0.8087 0.2281 0.5421
vn -0.6881 -0.5409 0.4836
vn -0.9525 -0.0443 -0.3012
vn -0.9833 0.0194 0.1808
vn -0.9984 -0.0100 0.0562
vn -0.9999 -0.0111 -0.0031
vn -0.9964 0.0114 -0.0841
vn -0.9870 0.0108 -0.1601
vn -0.9685 0.0633 0.2406
vn -0.9739 -0.0383 0.2236
vn -0.9700 -0.0934 0.2244
vn -0.9612 -0.1474 0.2329
vn -0.9687 -0.1577 0.1914
vn -0.9790 -0.1444 0.1436
vn -0.9955 -0.0889 0.0328
vn -0.9963 -0.0853 -0.0015
vn -0.9954 -0.0888 -0.0361
vn -0.9899 -0.1082 -0.0914
vn -0.9819 -0.1283 -0.1393
vn -0.9785 -0.1102 -0.1740
vn -0.9747 -0.1024 -0.1987
vn -0.9795 -0.0606 -0.1921
vn -0.9798 0.0026 -0.2001
vn -0.1732 0.9701 -0.1697
vn -0.2057 0.9686 -0.1397
vn -0.2392 0.9661 -0.0972
vn -0.3038 0.9144 -0.2675
vn -0.3395 0.9159 -0.2141
vn -0.3831 0.8372 -0.3903
vn -0.4357 0.8390 -0.3259
vn -0.4330 0.7523 -0.4964
vn -0.5023 0.7586 -0.4149
vn -0.4865 0.6335 -0.6016
vn -0.5785 0.6328 -0.5147
vn -0.5420 0.4547 -0.7067
vn -0.6677 0.4321 -0.6061
vn -0.5898 0.2646 -0.7629
vn -0.7213 0.2316 -0.6527
vn -0.7867 0.4269 -0.4459
vn -0.6808 0.6340 -0.3667
vn -0.5759 0.7627 -0.2943
vn -0.4868 0.8427 -0.2299
vn -0.3745 0.9141 -0.1551
vn -0.2671 0.9631 -0.0323
vn -0.2680 0.9622 0.0476
vn -0.2276 0.9673 0.1117
vn -0.3963 0.9100 0.1220
vn -0.7825 0.6214 0.0392
vn -0.7593 0.6241 -0.1840
vn -0.8744 0.4284 -0.2278
vn -0.6653 0.7460 0.0288
vn -0.6268 0.7480 0.2181
vn -0.5235 0.8343 0.1724
vn -0.5576 0.8295 0.0316
vn -0.4163 0.9090 0.0173
vn -0.4072 0.9102 -0.0754
vn -0.5417 0.8333 -0.1103
vn -0.6437 0.7518 -0.1430
vn -0.9034 0.4255 0.0525
vn -0.8440 0.4274 0.3239
vn -0.7335 0.6194 0.2797
vn -0.3505 0.9153 0.1983
vn -0.4528 0.8435 0.2890
vn -0.5323 0.7641 0.3644
vn -0.6181 0.6312 0.4686
vn -0.7113 0.4277 0.5578
vn -0.5570 0.4514 0.6971
vn -0.4373 0.4762 0.7628
vn -0.3146 0.4775 0.8204
vn -0.1960 0.4784 0.8560
vn 0.1796 0.8265 0.5335
vn 0.2707 0.8447 0.4617
vn 0.1736 0.9181 0.3561
vn 0.2586 0.7191 0.6450
vn 0.1455 0.7031 0.6961
vn 0.1899 0.5467 0.8155
vn 0.0455 0.5171 0.8547
vn 0.0110 0.6756 0.7372
vn -0.0923 0.4991 0.8616
vn -0.1143 0.6497 0.7515
vn -0.2044 0.6420 0.7389
vn -0.2998 0.6402 0.7072
vn -0.3981 0.6408 0.6564
vn -0.4959 0.6317 0.5958
vn 0.3696 0.7365 0.5665
vn 0.3701 0.8596 0.3524
vn 0.2442 0.9301 0.2742
vn 0.2958 0.9382 0.1795
vn 0.1233 0.9843 0.1266
vn 0.1478 0.9868 0.0660
vn -0.0078 0.9999 -0.0036
vn 0.7773 0.6072 0.1647
vn 0.6398 0.7684 -0.0157
vn 0.4743 0.8683 -0.1448
vn 0.2809 0.9377 -0.2042
vn 0.0902 0.9703 -0.2244
vn -0.0278 0.9962 -0.0817
vn -0.0195 0.9968 0.0774
vn 0.0918 0.9769 0.1931
vn 0.4557 0.8616 0.2234
vn 0.3318 0.9392 0.0887
vn 0.1594 0.9872 0.0023
vn 0.1451 0.9865 -0.0751
vn 0.1232 0.9814 -0.1474
vn 0.3334 0.9346 -0.1235
vn 0.4963 0.8680 -0.0150
vn 0.6256 0.7676 0.1393
vn 0.7263 0.6006 0.3341
vn 0.5920 0.7572 0.2761
vn 0.3507 0.9363 -0.0193
vn 0.4878 0.8659 0.1106
vn 0.5180 0.7425 0.4246
vn 0.6360 0.5777 0.5116
vn 0.4696 0.5747 0.6702
vn 0.3296 0.5540 0.7645
vn 0.9589 0.2828 -0.0213
vn 0.8656 0.5000 -0.0259
vn 0.5825 0.8126 -0.0168
vn 0.3790 0.9253 -0.0104
vn 0.8979 0.4363 0.0581
vn 0.9199 0.3917 -0.0139
vn 0.9222 -0.3863 -0.0159
vn 0.9022 -0.4223 -0.0879
vn 0.9197 0.3836 -0.0834
vn 0.8542 -0.5023 -0.1342
vn 0.9216 0.3551 -0.1568
vn 0.8221 -0.5430 -0.1710
vn 0.3471 0.9293 -0.1258
vn 0.9137 0.3389 -0.2243
vn 0.8809 0.3599 -0.3075
vn 0.8523 0.3545 -0.3846
vn 0.3229 0.9109 -0.2569
vn 0.7965 0.3609 -0.4850
vn 0.7486 0.3645 -0.5538
vn 0.5143 0.7894 -0.3350
vn 0.4707 0.2786 -0.8371
vn 0.2605 0.7794 -0.5698
vn 0.4839 0.3438 -0.8047
vn 0.5114 0.4129 -0.7536
vn 0.2998 0.8555 -0.4222
vn 0.5332 0.4422 -0.7212
vn 0.5944 0.4241 -0.6832
vn 0.6649 0.4107 -0.6239
vn 0.4624 0.7280 -0.5061
vn 0.6474 0.4367 -0.6247
vn 0.7370 0.2029 -0.6446
vn 0.7391 0.2595 -0.6216
vn 0.5540 0.3735 -0.7440
vn 0.1263 0.1108 -0.9857
vn 0.1213 0.1978 -0.9727
vn 0.2748 0.2120 -0.9378
vn 0.3040 0.1109 -0.9462
vn 0.1077 0.0798 -0.9910
vn 0.2863 0.1269 -0.9497
vn 0.2282 0.3059 -0.9243
vn 0.3227 0.4257 -0.8453
vn 0.2518 0.5274 -0.8114
vn 0.2460 0.6930 -0.6776
vn 0.3708 0.5734 -0.7305
vn 0.4053 0.6630 -0.6293
vn 0.5323 0.3615 -0.7655
vn 0.6031 0.1299 -0.7870
vn 0.0858 0.2372 -0.9677
vn -0.0693 0.2094 -0.9753
vn -0.0601 0.0622 -0.9962
vn -0.2005 0.2218 -0.9543
vn -0.1950 0.0556 -0.9792
vn -0.0608 0.0956 -0.9936
vn -0.0412 0.1771 -0.9833
vn -0.1990 0.0788 -0.9768
vn -0.3197 0.0325 -0.9470
vn -0.3345 0.1961 -0.9218
vn -0.4606 0.1714 -0.8709
vn -0.4526 0.0127 -0.8916
vn -0.3237 0.0654 -0.9439
vn -0.1871 0.1631 -0.9687
vn -0.1186 0.2542 -0.9598
vn -0.1220 0.2640 -0.9568
vn -0.1313 0.2324 -0.9637
vn -0.1084 0.2454 -0.9633
vn -0.1181 0.2377 -0.9641
vn -0.2130 0.6471 -0.7320
vn -0.3066 0.6460 -0.6990
vn -0.2852 0.7584 -0.5860
vn -0.2039 0.4930 -0.8458
vn -0.3236 0.4829 -0.8137
vn -0.1951 0.3316 -0.9230
vn -0.3323 0.3034 -0.8930
vn -0.3348 0.1651 -0.9277
vn -0.4629 0.0530 -0.8848
vn -0.5934 -0.0004 -0.8049
vn -0.6022 0.1646 -0.7812
vn -0.0500 0.3294 -0.9428
vn 0.0945 0.3326 -0.9383
vn -0.0839 0.4934 -0.8657
vn -0.1026 0.1736 -0.9794
vn -0.1160 0.1986 -0.9732
vn -0.1364 0.2155 -0.9669
vn -0.1881 0.2362 -0.9533
vn -0.1583 0.2573 -0.9533
vn -0.1333 0.2748 -0.9522
vn -0.1258 0.2946 -0.9473
vn -0.1224 0.3024 -0.9453
vn -0.1159 0.2691 -0.9561
vn -0.0996 0.2537 -0.9621
vn -0.0545 0.2218 -0.9735
vn 0.4298 0.2399 -0.8704
vn 0.4289 0.0986 -0.8979
vn 0.3911 0.2257 -0.8922
vn 0.2403 0.3487 -0.9059
vn 0.0567 0.5138 -0.8560
vn -0.1104 0.6482 -0.7534
vn -0.2068 0.7580 -0.6185
vn -0.2557 0.8445 -0.4706
vn -0.1965 0.8467 -0.4944
vn 0.5349 -0.0790 -0.8412
vn 0.5510 0.0641 -0.8321
vn 0.5018 0.0159 -0.8648
vn 0.4549 0.1093 -0.8838
vn 0.4365 0.1241 -0.8910
vn 0.3686 0.1410 -0.9188
vn 0.3964 0.1610 -0.9038
vn 0.4268 0.1809 -0.8860
vn 0.4443 0.2330 -0.8650
vn 0.4593 0.3064 -0.8337
vn -0.1275 0.7631 -0.6336
vn 0.0171 0.6685 -0.7435
vn 0.1997 0.5409 -0.8169
vn 0.3883 0.3608 -0.8480
vn 0.5898 0.2295 -0.7742
vn 0.5107 0.2197 -0.8312
vn 0.5399 0.1847 -0.8212
vn 0.5817 0.1626 -0.7969
vn 0.6122 0.1448 -0.7773
vn 0.5701 0.1150 -0.8135
vn 0.5600 0.0991 -0.8225
vn 0.3448 0.5567 -0.7557
vn 0.1362 0.7026 -0.6984
vn -0.0312 0.7699 -0.6373
vn -0.1339 0.8546 -0.5017
vn -0.1815 0.9215 -0.3434
vn -0.2199 0.9207 -0.3224
vn -0.2583 0.9183 -0.2999
vn -0.3216 0.8399 -0.4372
vn -0.3652 0.7518 -0.5490
vn -0.4083 0.6303 -0.6603
vn -0.4421 0.4638 -0.7677
vn -0.4659 0.2851 -0.8376
vn -0.4765 0.1469 -0.8668
vn -0.6010 0.0348 -0.7985
vn -0.7291 -0.0251 -0.6839
vn -0.7374 0.1527 -0.6579
vn -0.6007 0.3453 -0.7210
vn -0.7094 0.3533 -0.6099
vn -0.6841 0.3985 -0.6108
vn -0.7761 0.4152 -0.4746
vn -0.3583 0.4296 -0.8289
vn -0.3511 -0.1755 -0.9197
vn -0.4599 -0.2402 -0.8548
vn -0.4744 0.4060 -0.7810
vn -0.5759 -0.2417 -0.7809
vn -0.5832 0.3909 -0.7120
vn -0.6934 -0.1805 -0.6975
vn -0.8365 -0.0782 -0.5424
vn -0.9471 -0.1535 -0.2817
vn -0.8796 -0.4577 -0.1294
vn -0.6457 -0.7623 0.0435
vn -0.9574 0.1339 0.2559
vn -0.7573 -0.6351 -0.1520
vn -0.6702 -0.6876 -0.2791
vn -0.8842 0.1974 -0.4232
vn -0.8887 0.0374 -0.4569
vn -0.6984 -0.4125 -0.5848
vn -0.7463 -0.2043 -0.6335
vn -0.5343 -0.6332 -0.5600
vn -0.4138 -0.7119 -0.5673
vn -0.3989 -0.7257 -0.5605
vn -0.2945 -0.8091 -0.5085
vn -0.2663 -0.7996 -0.5383
vn -0.2759 -0.7688 -0.5769
vn -0.2228 -0.8106 -0.5416
vn -0.1847 -0.8088 -0.5582
vn -0.2014 -0.7432 -0.6379
vn -0.2256 -0.7067 -0.6706
vn -0.1529 -0.7422 -0.6525
vn -0.1719 -0.5833 -0.7938
vn -0.2049 -0.1370 -0.9691
vn -0.1411 -0.6321 -0.7619
vn -0.0433 -0.6944 -0.7182
vn -0.0384 -0.4035 -0.9142
vn 0.0048 -0.6930 -0.7209
vn 0.7035 -0.6155 -0.3551
vn 0.5280 -0.1881 -0.8282
vn 0.5987 -0.0468 -0.7996
vn 0.3905 -0.2108 -0.8961
vn 0.0862 0.4924 -0.8661
vn 0.2652 -0.2190 -0.9390
vn 0.0162 0.4779 -0.8782
vn 0.1777 -0.2255 -0.9579
vn 0.1066 -0.1925 -0.9755
vn 0.2035 -0.7979 -0.5673
vn 0.1528 -0.7771 -0.6105
vn 0.0552 -0.1725 -0.9835
vn 0.0926 -0.7484 -0.6567
vn -0.0184 -0.1628 -0.9865
vn -0.0759 -0.1258 -0.9891
vn -0.2300 0.4573 -0.8590
vn 0.4743 0.1130 -0.8731
vn 0.1687 0.5508 -0.8174
vn 0.4619 0.1752 -0.8694
vn 0.5228 0.0531 -0.8508
vn 0.5864 0.0384 -0.8091
vn 0.1610 0.4747 -0.8652
vn 0.6083 0.0067 -0.7937
vn 0.6142 -0.0107 -0.7890
vn 0.0435 0.4258 -0.9037
vn -0.0964 0.4828 -0.8704
vn -0.0957 0.4013 -0.9109
vn -0.2201 0.3988 -0.8902
vn -0.4796 0.3516 -0.8039
vn -0.3556 0.3756 -0.8558
vn 0.8217 -0.5135 -0.2472
vn 0.8015 -0.5085 -0.3145
vn 0.7826 -0.4594 -0.4201
vn 0.7600 -0.4482 -0.4706
vn 0.7383 -0.3041 -0.6019
vn 0.6975 -0.2288 -0.6791
vn 0.6612 -0.1913 -0.7253
vn 0.6185 -0.2016 -0.7594
vn 0.5754 -0.2512 -0.7783
vn 0.5484 -0.3374 -0.7651
vn 0.5666 -0.4487 -0.6910
vn 0.6325 -0.5106 -0.5824
vn 0.7154 -0.5271 -0.4587
vn 0.7523 -0.5069 -0.4207
vn 0.7838 -0.4975 -0.3717
vn 0.7902 -0.5097 -0.3401
vn 0.7673 -0.5500 -0.3298
vn 0.2556 -0.8054 -0.5348
vn 0.3548 -0.7858 -0.5066
vn 0.5521 -0.6940 -0.4621
vn -0.4400 0.7544 0.4871
vn -0.3836 0.8427 0.3776
vn -0.3017 0.9185 0.2553
vn -0.1843 0.9707 0.1540
vn -0.1393 0.9752 0.1720
vn -0.0959 0.9811 0.1677
vn -0.1257 0.9306 0.3438
vn -0.0855 0.9394 0.3319
vn -0.1251 0.8552 0.5029
vn -0.0560 0.8720 0.4862
vn -0.1202 0.7622 0.6361
vn -0.0281 0.7835 0.6207
vn -0.2105 0.9240 0.3191
vn -0.1690 0.9245 0.3416
vn -0.1881 0.8505 0.4912
vn -0.1988 0.7615 0.6169
vn -0.2515 0.8455 0.4710
vn -0.2764 0.7539 0.5959
vn -0.3585 0.7554 0.5484
vn -0.3163 0.8460 0.4292
vn -0.2553 0.9205 0.2957
vn 0.0789 0.8105 0.5804
vn 0.0967 0.9035 0.4176
vn 0.0577 0.9681 0.2436
vn -0.0545 0.9893 0.1349
vn -0.0276 0.9489 0.3144
vn 0.0286 0.8869 0.4611
vn 0.0175 0.9583 0.2852
vn 0.3581 -0.3833 -0.8513
vn 0.5984 -0.3912 -0.6991
vn 0.5563 -0.6190 -0.5543
vn 0.3689 -0.6386 -0.6753
vn 0.2490 -0.9684 -0.0170
vn 0.1351 -0.6750 -0.7253
vn -0.0978 -0.7187 -0.6883
vn -0.2437 -0.4497 -0.8593
vn -0.3701 -0.4885 -0.7901
vn -0.2287 -0.5780 -0.7833
vn -0.3335 -0.6934 -0.6387
vn -0.0647 -0.8515 -0.5203
vn -0.1037 -0.8617 -0.4967
vn -0.1319 -0.8747 -0.4663
vn -0.1589 -0.8982 -0.4097
vn -0.1755 -0.9202 -0.3498
vn -0.1977 -0.9315 -0.3053
vn -0.5167 -0.7787 -0.3558
vn -0.2370 -0.9380 -0.2527
vn -0.2586 -0.9439 -0.2053
vn 0.5267 -0.6219 0.5794
vn 0.3441 -0.6418 0.6853
vn 0.0812 -0.6782 0.7303
vn -0.1285 -0.7234 0.6783
vn -0.3035 -0.7781 0.5498
vn -0.4695 -0.8347 0.2878
vn -0.5152 -0.8565 -0.0292
vn -0.4412 -0.8330 -0.3339
vn -0.4849 -0.5200 -0.7031
vn -0.1895 -0.7501 -0.6336
vn -0.2851 -0.7784 -0.5592
vn -0.7052 -0.5630 -0.4309
vn -0.8167 -0.5755 -0.0427
vn -0.7473 -0.5547 0.3657
vn -0.5217 -0.5072 0.6860
vn -0.2757 -0.4520 0.8483
vn -0.0205 -0.3839 0.9231
vn 0.3280 -0.3721 0.8683
vn 0.6590 -0.5650 0.4964
vn 0.5051 -0.5336 0.6783
vn 0.5644 -0.3814 0.7321
vn 0.2940 -0.5314 0.7945
vn 0.0520 -0.5472 0.8354
vn 0.0015 -0.5698 0.8217
vn -0.1782 -0.5922 0.7859
vn -0.3566 -0.6910 0.6287
vn -0.5477 -0.7830 0.2949
vn -0.6112 -0.7906 -0.0358
vn 0.0722 -0.7355 0.6737
vn 0.0467 -0.7439 0.6666
vn 0.0850 -0.7309 0.6771
vn 0.1038 -0.7356 0.6693
vn 0.1361 -0.7465 0.6512
vn 0.1786 -0.7536 0.6326
vn 0.2278 -0.7407 0.6320
vn 0.2655 -0.7321 0.6273
vn 0.2987 -0.7309 0.6135
vn 0.3367 -0.7390 0.5835
vn 0.3667 -0.7515 0.5484
vn 0.3753 -0.7422 0.5551
vn 0.4055 -0.7309 0.5488
vn 0.4333 -0.7267 0.5330
vn 0.4494 -0.7272 0.5188
vn 0.4662 -0.7327 0.4958
vn 0.4773 -0.7383 0.4765
vn 0.4839 -0.7426 0.4629
vn 0.4887 -0.7429 0.4574
vn 0.5133 -0.7431 0.4293
vn 0.5444 -0.7465 0.3825
vn 0.5653 -0.7599 0.3208
vn 0.5738 -0.7816 0.2446
vn 0.6055 -0.7651 0.2189
vn 0.7719 -0.5982 0.2151
vn 0.6471 -0.7533 0.1173
vn 0.6545 -0.7524 0.0737
vn 0.6455 -0.7614 0.0594
vn 0.7841 -0.6123 -0.1007
vn 0.6452 -0.7640 -0.0021
vn 0.6398 -0.7606 -0.1100
vn 0.6258 -0.7651 -0.1516
vn 0.6016 -0.7724 -0.2034
vn 0.6929 -0.5879 -0.4175
vn -0.0220 -0.5631 -0.8261
vn 0.0613 -0.4009 -0.9141
vn 0.0892 -0.5445 -0.8339
vn 0.3157 -0.5442 -0.7772
vn 0.5358 -0.5560 -0.6354
vn 0.7874 -0.4116 -0.4588
vn 0.8941 -0.4310 -0.1216
vn 0.8696 -0.4283 0.2456
vn 0.7397 -0.4049 0.5374
vn 0.1716 -0.7494 -0.6394
vn 0.1818 -0.7602 -0.6237
vn 0.1356 -0.7343 -0.6651
vn 0.1082 -0.7335 -0.6710
vn 0.0732 -0.7392 -0.6695
vn 0.0579 -0.7451 -0.6644
vn 0.0703 -0.7237 -0.6865
vn 0.0810 -0.7098 -0.6997
vn 0.1465 -0.7035 -0.6953
vn 0.1789 -0.6958 -0.6955
vn 0.1874 -0.6925 -0.6966
vn 0.1849 -0.6958 -0.6940
vn 0.1697 -0.7158 -0.6774
vn 0.1406 -0.7338 -0.6646
vn 0.0660 -0.7604 -0.6460
vn 0.0164 -0.7839 -0.6207
vn -0.0144 -0.8106 -0.5854
vn -0.0392 -0.8406 -0.5402
vn 0.5846 -0.7560 -0.2942
vn 0.5631 -0.7429 -0.3618
vn 0.5373 -0.7432 -0.3986
vn 0.5180 -0.7479 -0.4150
vn 0.5103 -0.7448 -0.4298
vn 0.4916 -0.7331 -0.4698
vn 0.4692 -0.7288 -0.4987
vn 0.4434 -0.7307 -0.5191
vn 0.4063 -0.7398 -0.5362
vn 0.3750 -0.7486 -0.5467
vn 0.3539 -0.7446 -0.5660
vn 0.3257 -0.7371 -0.5920
vn 0.2876 -0.7338 -0.6155
vn 0.2486 -0.7373 -0.6282
vn 0.2140 -0.7467 -0.6297
vn -0.2666 -0.9500 -0.1624
vn -0.2644 -0.9577 -0.1136
vn -0.2740 -0.9585 -0.0787
vn -0.2949 -0.9547 -0.0381
vn -0.3000 -0.9538 -0.0121
vn -0.2990 -0.9542 0.0054
vn -0.2930 -0.9558 0.0216
vn -0.2745 -0.9601 0.0529
vn -0.2696 -0.9587 0.0904
vn -0.2710 -0.9518 0.1435
vn -0.2600 -0.9465 0.1910
vn -0.2340 -0.9429 0.2369
vn -0.2197 -0.9416 0.2553
vn -0.1964 -0.9440 0.2649
vn -0.1807 -0.9427 0.2803
vn -0.1626 -0.9258 0.3411
vn -0.1123 -0.8931 0.4356
vn -0.0503 -0.8563 0.5139
vn -0.0019 -0.8388 0.5443
vn 0.0527 -0.8272 0.5594
vn 0.0392 -0.7942 0.6064
vn 0.1029 -0.7385 0.6664
vn 0.1619 -0.7186 0.6762
vn 0.1777 -0.7056 0.6859
vn 0.1867 -0.6932 0.6961
vn 0.1835 -0.6940 0.6962
vn 0.1322 -0.7043 0.6974
vn 0.0611 -0.7071 0.7044
vn 0.0573 -0.7237 0.6877
vn 0.6619 -0.6148 0.4288
vn 0.7638 -0.6138 0.1993
vn 0.7847 -0.6128 -0.0935
vn 0.7028 -0.6120 -0.3626
vn -0.0978 0.3460 -0.9331
vn -0.0322 0.3162 -0.9481
vn -0.3746 -0.0330 -0.9266
vn -0.4362 0.0425 -0.8988
vn -0.0787 0.2179 -0.9728
vn -0.4717 0.2037 -0.8579
vn -0.4388 0.3373 -0.8329
vn 0.0109 0.2386 -0.9710
vn 0.0066 0.1955 -0.9807
vn 0.5092 0.2114 -0.8343
vn 0.4640 0.0063 -0.8858
vn 0.6962 0.1745 -0.6963
vn 0.6330 -0.0889 -0.7690
vn 0.3293 -0.2037 -0.9220
vn 0.4647 -0.3454 -0.8153
vn 0.1546 -0.3318 -0.9306
vn 0.2405 -0.5090 -0.8264
vn -0.0482 -0.3879 -0.9204
vn -0.0220 -0.5809 -0.8136
vn -0.2844 -0.3608 -0.8882
vn -0.1586 0.3340 -0.9291
vn -0.1111 0.3522 -0.9293
vn -0.0901 -0.1619 -0.9827
vn -0.2846 -0.1224 -0.9508
vn 0.0791 -0.1259 -0.9889
vn 0.2127 -0.0369 -0.9764
vn 0.2801 0.1053 -0.9541
vn 0.3021 0.2430 -0.9218
vn 0.2639 0.3806 -0.8863
vn 0.1830 0.4907 -0.8519
vn 0.0505 0.5557 -0.8299
vn -0.1085 0.5797 -0.8076
vn -0.2643 0.5351 -0.8024
vn -0.0615 0.1160 -0.9913
vn -0.0887 0.1076 -0.9902
vn -0.1329 0.1107 -0.9849
vn -0.1672 0.1469 -0.9749
vn -0.1931 0.1794 -0.9646
vn -0.2046 0.2236 -0.9529
vn -0.1993 0.2800 -0.9391
vn -0.1771 0.3041 -0.9360
vn -0.0307 0.1350 -0.9904
vn -0.3818 0.4358 -0.8150
vn -0.6167 -0.0743 -0.7836
vn -0.6793 0.1450 -0.7194
vn -0.4822 -0.2422 -0.8419
vn -0.3218 -0.5478 -0.7722
vn -0.5831 -0.4087 -0.7021
vn -0.7549 -0.1972 -0.6255
vn -0.8398 0.0816 -0.5367
vn -0.6475 0.3880 -0.6559
vn -0.8010 0.3932 -0.4515
vn -0.5344 0.5774 -0.6172
vn -0.6570 0.6457 -0.3891
vn -0.3599 0.7196 -0.5938
vn -0.4250 0.8280 -0.3658
vn -0.1070 0.7893 -0.6046
vn -0.0866 0.9196 -0.3832
vn 0.1170 0.7523 -0.6483
vn 0.2171 0.8706 -0.4414
vn 0.3315 0.6144 -0.7160
vn 0.4733 0.3927 -0.7885
vn 0.0080 0.2437 -0.9698
vn 0.4784 0.6928 -0.5395
vn 0.6565 0.4159 -0.6293
vn -0.6977 0.3615 0.6184
vn -0.5882 0.5724 0.5712
vn -0.7095 0.6174 0.3397
vn -0.2134 0.2528 0.9436
vn -0.2178 0.2445 0.9449
vn 0.2640 0.2375 0.9348
vn 0.2326 0.3325 0.9139
vn -0.0569 0.2109 0.9758
vn 0.1812 0.4145 0.8918
vn 0.0576 0.5072 0.8599
vn -0.1589 0.1210 0.9798
vn -0.1398 0.1129 0.9837
vn -0.5249 -0.2946 0.7985
vn -0.3386 -0.4314 0.8362
vn -0.6365 -0.4519 0.6250
vn -0.4016 -0.6282 0.6664
vn -0.0562 -0.5000 0.8642
vn -0.0564 -0.7109 0.7010
vn 0.2594 -0.4214 0.8690
vn 0.3569 -0.6338 0.6862
vn -0.4025 0.1048 0.9094
vn -0.4403 0.1859 0.8784
vn -0.4076 0.1704 0.8971
vn -0.4964 0.1285 0.8585
vn -0.4827 0.1955 0.8536
vn -0.0232 0.1230 0.9921
vn -0.0919 0.0833 0.9922
vn -0.0944 0.5228 0.8472
vn -0.2122 0.4939 0.8432
vn -0.0835 0.0820 0.9931
vn 0.0040 0.1356 0.9907
vn 0.0264 0.2189 0.9754
vn -0.0074 0.3056 0.9521
vn -0.3695 0.7622 0.5315
vn -0.2054 0.2985 0.9320
vn -0.1472 0.3498 0.9252
vn -0.0875 0.8487 0.5215
vn -0.1005 0.3669 0.9248
vn 0.1681 0.8190 0.5486
vn -0.0640 0.3457 0.9361
vn 0.3544 0.7239 0.5918
vn -0.0700 0.3590 0.9307
vn 0.5581 0.4953 0.6657
vn 0.6512 0.2142 0.7280
vn 0.5831 -0.0936 0.8070
vn 0.4017 -0.3183 0.8586
vn 0.5671 -0.5012 0.6536
vn 0.7602 -0.2421 0.6028
vn 0.8648 0.1689 0.4729
vn 0.7501 0.5315 0.3934
vn 0.5025 0.8076 0.3086
vn 0.2536 0.9312 0.2617
vn -0.0896 0.9636 0.2520
vn -0.4446 0.8518 0.2769
vn -0.8440 0.3628 0.3950
vn -0.7283 0.1823 0.6606
vn -0.2109 0.1807 0.9606
vn -0.6815 -0.0604 0.7293
vn -0.8196 -0.1680 0.5477
vn -0.8799 0.1295 0.4572
vn -0.2136 -0.0875 0.9730
vn -0.0752 -0.1071 0.9914
vn 0.0790 -0.0681 0.9945
vn 0.1593 -0.0045 0.9872
vn 0.2320 0.0870 0.9688
vn 0.9183 -0.2950 0.2640
vn 0.9294 -0.3218 0.1805
vn 0.8742 0.4444 0.1953
vn 0.8819 0.4564 0.1180
vn 0.9382 -0.3421 0.0521
vn 0.9362 -0.3314 0.1169
vn 0.0252 -0.6240 0.7810
vn 0.0332 -0.8340 0.5507
vn 0.0331 -0.8319 0.5539
vn 0.0385 -0.9536 0.2987
vn 0.0386 -0.9542 0.2967
vn 0.0402 -0.9990 0.0211
vn 0.0402 -0.9989 0.0216
vn 0.0390 -0.9711 -0.2355
vn 0.0391 -0.9717 -0.2328
vn 0.0357 -0.8828 -0.4684
vn 0.0358 -0.8857 -0.4628
vn 0.0283 -0.7042 -0.7094
vn 0.0285 -0.7083 -0.7053
vn 0.0197 -0.4887 -0.8722
vn 0.0198 -0.4901 -0.8714
vn 0.0085 -0.2122 -0.9772
vn 0.0084 -0.2087 -0.9779
vn -0.0049 0.1210 -0.9926
vn -0.0052 0.1299 -0.9915
vn -0.0169 0.4259 -0.9046
vn 0.0049 -0.1214 0.9926
vn 0.0158 -0.3934 0.9192
vn 0.0158 -0.3933 0.9192
vn 0.0251 -0.6214 0.7830
vn -0.0174 0.4383 -0.8986
vn -0.0300 0.7419 -0.6698
vn -0.0305 0.7555 -0.6544
vn -0.0386 0.9538 -0.2979
vn -0.0387 0.9573 -0.2864
vn -0.0401 0.9975 0.0581
vn -0.0401 0.9974 0.0588
vn -0.0379 0.9429 0.3309
vn -0.0379 0.9447 0.3257
vn -0.0319 0.7978 0.6020
vn -0.0323 0.8068 0.5899
vn -0.0213 0.5281 0.8489
vn -0.0219 0.5418 0.8402
vn -0.0084 0.2084 0.9780
vn -0.0088 0.2194 0.9756
vn 0.0050 -0.1264 0.9919
vn -0.8877 -0.3851 0.2523
vn -0.8901 -0.2964 0.3461
vn -0.9970 -0.0768 -0.0064
vn -0.7914 -0.5097 0.3375
vn -0.7887 -0.5867 0.1840
vn -0.8874 -0.4400 0.1373
vn -0.7890 -0.6143 0.0099
vn -0.8867 -0.4621 0.0069
vn -0.7877 -0.5965 -0.1535
vn -0.8874 -0.4460 -0.1163
vn -0.7933 -0.5299 -0.2997
vn -0.8879 -0.4011 -0.2252
vn -0.7996 -0.4225 -0.4267
vn -0.8885 -0.3257 -0.3230
vn -0.8058 -0.3046 -0.5077
vn -0.8946 -0.2385 -0.3779
vn -0.8180 -0.1622 -0.5517
vn -0.8973 -0.1412 -0.4181
vn -0.8309 -0.0023 -0.5564
vn -0.9081 -0.0272 -0.4179
vn -0.9194 0.0822 -0.3846
vn -0.9346 0.1979 -0.2956
vn -0.9488 0.2818 -0.1426
vn -0.9523 0.3045 0.0175
vn -0.9499 0.2772 0.1444
vn -0.9404 0.2164 0.2622
vn -0.9259 0.1129 0.3604
vn -0.9121 0.0026 0.4098
vn -0.9012 -0.1112 0.4188
vn -0.8966 -0.2047 0.3927
vn -0.8492 0.1519 -0.5056
vn -0.8734 0.3033 -0.3810
vn -0.8891 0.4186 -0.1852
vn -0.8901 0.4551 0.0233
vn -0.8845 0.4244 0.1938
vn -0.8760 0.3362 0.3457
vn -0.8564 0.1987 0.4765
vn -0.8350 0.0428 0.5485
vn -0.8184 -0.1193 0.5622
vn -0.8045 -0.2593 0.5344
vn -0.7979 -0.3829 0.4654
vn 0.2448 0.3027 -0.9211
vn 0.3145 0.3796 -0.8701
vn 0.5034 0.1567 -0.8497
vn 0.4273 0.4389 -0.7904
vn 0.5402 0.4213 -0.7284
vn 0.6336 0.3564 -0.6866
vn 0.7056 0.2532 -0.6618
vn 0.7392 0.1261 -0.6615
vn 0.7317 0.0376 -0.6806
vn 0.6954 -0.0369 -0.7176
vn 0.6292 -0.1057 -0.7700
vn 0.5491 -0.1373 -0.8244
vn 0.4356 -0.1164 -0.8926
vn 0.3269 -0.0555 -0.9434
vn 0.2639 0.0158 -0.9644
vn 0.2295 0.1007 -0.9681
vn 0.2236 0.2111 -0.9515
vn 0.5767 -0.7395 0.3470
vn 0.6924 -0.6535 0.3056
vn 0.9599 0.2550 0.1162
vn 0.9599 0.2551 0.1162
vn 0.0677 0.1967 -0.9781
vn -0.0677 -0.1967 0.9781
vn -0.9599 -0.2551 -0.1162
vn 0.2723 -0.9470 -0.1702
vn 0.2723 -0.9470 -0.1703
vn -0.9597 -0.2545 -0.1191
vn -0.9597 -0.2545 -0.1192
vn -0.2723 0.9470 0.1703
vn -0.2722 0.9470 0.1704
vn -0.2723 0.9470 0.1702
vn 0.9597 0.2545 0.1191
vn -0.2724 0.9465 0.1727
vn -0.2724 0.9465 0.1726
vn 0.2728 -0.9594 0.0709
vn 0.9596 0.2661 -0.0915
vn 0.0707 0.0923 0.9932
vn -0.0707 -0.0922 -0.9932
vn -0.0707 -0.0923 -0.9932
vn -0.9596 -0.2661 0.0915
vn -0.9596 -0.2661 0.0914
vn 0.2726 -0.9597 0.0684
vn 0.2726 -0.9597 0.0685
vn -0.9594 -0.2658 0.0945
vn -0.2726 0.9597 -0.0685
vn 0.9594 0.2658 -0.0945
vn -0.2728 0.9594 -0.0709
vn -0.2728 0.9594 -0.0708
vn -0.2728 0.9594 -0.0707
vn -0.0130 -0.1747 0.9845
vn 0.1119 -0.3303 0.9372
vn 0.4976 0.1503 0.8542
vn -0.2916 -0.3361 0.8955
vn -0.4029 -0.0924 0.9105
vn -0.1162 0.0004 0.9932
vn -0.4525 0.2878 0.8441
vn -0.1446 0.2774 0.9498
vn -0.3551 0.6032 0.7142
vn -0.0640 0.5020 0.8625
vn -0.1957 0.7992 0.5683
vn 0.0658 0.6395 0.7660
vn 0.0478 0.9136 0.4039
vn 0.2335 0.7311 0.6410
vn 0.3749 0.8996 0.2238
vn 0.4708 0.7174 0.5134
vn 0.6518 0.7509 0.1063
vn 0.6722 0.6097 0.4199
vn 0.8690 0.4924 0.0481
vn 0.8282 0.4227 0.3680
vn 0.9075 0.2055 0.3662
vn 0.9135 -0.0070 0.4066
vn 0.8462 -0.2030 0.4926
vn 0.7186 -0.3585 0.5958
vn 0.5296 -0.4374 0.7268
vn 0.3385 -0.4301 0.8369
vn 0.9789 0.1974 0.0526
vn 0.9870 -0.0983 0.1271
vn 0.9001 -0.3636 0.2400
vn 0.7253 -0.5664 0.3912
vn 0.4691 -0.6797 0.5637
vn 0.2118 -0.6741 0.7076
vn -0.0792 -0.5320 0.8430
vn -0.6785 -0.1091 -0.7264
vn -0.5719 -0.4135 -0.7084
vn -0.5753 -0.4069 -0.7095
vn -0.3775 -0.6766 -0.6322
vn -0.3717 -0.6822 -0.6296
vn -0.0405 -0.8860 -0.4620
vn -0.0316 -0.8889 -0.4569
vn 0.3074 -0.9192 -0.2459
vn 0.3059 -0.9195 -0.2469
vn 0.5855 -0.8080 -0.0661
vn 0.5813 -0.8108 -0.0689
vn 0.8270 -0.5500 0.1160
vn 0.8252 -0.5531 0.1145
vn 0.9357 -0.2701 0.2269
vn 0.9355 -0.2710 0.2267
vn 0.9589 0.0279 0.2824
vn 0.9590 0.0249 0.2821
vn 0.8550 0.4420 0.2713
vn 0.8587 0.4340 0.2726
vn 0.6093 0.7737 0.1733
vn 0.6095 0.7736 0.1735
vn 0.3133 0.9492 0.0278
vn 0.3108 0.9501 0.0265
vn -0.0049 0.9881 -0.1534
vn -0.0008 0.9885 -0.1509
vn -0.3479 0.8520 -0.3911
vn -0.3412 0.8570 -0.3862
vn -0.5734 0.5998 -0.5580
vn -0.5730 0.6005 -0.5577
vn -0.6807 0.2845 -0.6750
vn -0.6815 0.2799 -0.6761
vn -0.6796 -0.1031 -0.7262
usemtl ger_headwear#ger_helm.mtl
s 1
f 1/1/1 2/2/1 3/3/1
f 3/3/1 4/4/1 1/1/1
f 5/5/2 6/6/3 7/7/4
f 8/8/5 6/6/3 5/5/2
f 5/5/2 9/9/6 8/8/5
f 10/10/7 8/8/5 9/9/6
f 9/9/6 11/11/8 10/10/7
f 10/10/7 11/11/8 12/12/9
f 13/13/10 12/12/9 11/11/8
f 12/12/9 13/13/10 14/14/11
f 15/15/12 14/14/11 13/13/10
f 14/14/11 15/15/12 16/16/13
f 17/17/14 16/16/13 15/15/12
f 16/16/13 17/17/14 18/18/15
f 19/19/16 18/18/15 17/17/14
f 18/18/15 19/19/16 20/20/17
f 21/21/18 20/20/17 19/19/16
f 20/20/17 21/21/18 22/22/19
f 23/23/20 22/22/19 21/21/18
f 22/22/19 23/23/20 24/24/21
f 25/25/22 26/26/23 27/27/24
f 28/28/25 27/27/24 26/26/23
f 27/27/24 28/28/25 29/29/26
f 30/30/27 29/29/26 28/28/25
f 29/29/26 30/30/27 31/31/28
f 30/30/27 24/24/21 31/31/28
f 24/24/21 30/30/27 22/22/19
f 32/32/29 22/22/19 30/30/27
f 22/22/19 32/32/29 20/20/17
f 33/33/30 20/20/17 32/32/29
f 20/20/17 33/33/30 18/18/15
f 34/34/31 18/18/15 33/33/30
f 18/18/15 34/34/31 16/16/13
f 35/35/32 16/16/13 34/34/31
f 16/16/13 35/35/32 14/14/11
f 36/36/33 14/14/11 35/35/32
f 14/14/11 36/36/33 12/12/9
f 37/37/34 12/12/9 36/36/33
f 28/28/25 32/32/29 30/30/27
f 32/32/29 28/28/25 33/33/30
f 26/26/23 33/33/30 28/28/25
f 33/33/30 26/26/23 34/34/31
f 38/38/35 34/34/31 26/26/23
f 34/34/31 38/38/35 35/35/32
f 39/39/36 35/35/32 38/38/35
f 35/35/32 39/39/36 36/36/33
f 40/40/37 36/36/33 39/39/36
f 36/36/33 40/40/37 37/37/34
f 41/41/38 37/37/34 40/40/37
f 37/37/34 41/41/38 42/42/39
f 43/43/40 42/42/39 41/41/38
f 42/42/39 43/43/40 44/44/41
f 45/45/42 46/46/43 47/47/44
f 48/48/45 46/46/43 45/45/42
f 46/46/43 48/48/45 49/49/46
f 50/50/47 49/49/46 48/48/45
f 51/51/48 49/49/46 50/50/47
f 50/50/47 44/44/41 51/51/48
f 52/52/49 51/51/48 44/44/41
f 44/44/41 43/43/40 52/52/49
f 52/52/49 43/43/40 53/53/50
f 41/41/38 53/53/50 43/43/40
f 53/53/50 41/41/38 54/54/51
f 40/40/37 54/54/51 41/41/38
f 54/54/51 40/40/37 55/55/52
f 39/39/36 55/55/52 40/40/37
f 55/55/52 39/39/36 56/56/53
f 38/38/35 56/56/53 39/39/36
f 56/56/53 38/38/35 25/25/22
f 26/26/23 25/25/22 38/38/35
f 45/45/42 57/57/54 48/48/45
f 48/48/45 58/58/55 50/50/47
f 58/58/55 48/48/45 57/57/54
f 57/57/54 59/59/56 58/58/55
f 60/60/57 59/59/56 57/57/54
f 57/57/54 61/61/58 60/60/57
f 61/61/58 57/57/54 62/62/59
f 57/57/54 63/63/60 62/62/59
f 63/63/60 57/57/54 45/45/42
f 45/45/42 64/64/61 63/63/60
f 64/64/61 45/45/42 65/65/62
f 45/45/42 66/66/63 65/65/62
f 66/66/63 45/45/42 67/67/64
f 67/67/64 68/68/65 66/66/63
f 68/68/65 67/67/64 69/69/66
f 69/69/66 67/67/64 70/70/67
f 67/67/64 71/71/68 70/70/67
f 71/71/68 72/72/69 70/70/67
f 73/73/70 74/74/71 72/72/69
f 72/72/69 74/74/71 75/75/72
f 75/75/72 70/70/67 72/72/69
f 70/70/67 75/75/72 76/76/73
f 76/76/73 69/69/66 70/70/67
f 69/69/66 76/76/73 77/77/74
f 77/77/74 68/68/65 69/69/66
f 68/68/65 77/77/74 78/78/75
f 78/78/75 66/66/63 68/68/65
f 66/66/63 78/78/75 79/79/76
f 79/79/76 65/65/62 66/66/63
f 65/65/62 79/79/76 80/80/77
f 80/80/77 64/64/61 65/65/62
f 64/64/61 80/80/77 81/81/78
f 81/81/78 63/63/60 64/64/61
f 63/63/60 81/81/78 82/82/79
f 82/82/79 62/62/59 63/63/60
f 62/62/59 82/82/79 83/83/80
f 84/84/81 85/85/82 86/86/83
f 85/85/82 84/84/81 87/87/84
f 87/87/84 88/88/85 85/85/82
f 88/88/85 87/87/84 89/89/86
f 89/89/86 90/90/87 88/88/85
f 90/90/87 89/89/86 91/91/88
f 91/91/88 92/92/89 90/90/87
f 92/92/89 91/91/88 93/93/90
f 93/93/90 94/94/91 92/92/89
f 94/94/91 93/93/90 73/73/70
f 73/73/70 95/95/92 94/94/91
f 72/72/69 95/95/92 73/73/70
f 96/96/93 95/95/92 72/72/69
f 72/72/69 71/71/68 96/96/93
f 97/97/94 96/96/93 71/71/68
f 71/71/68 67/67/64 97/97/94
f 97/97/94 67/67/64 47/47/44
f 47/47/44 67/67/64 45/45/42
f 98/98/95 97/97/94 99/99/96
f 96/96/93 97/97/94 98/98/95
f 95/95/92 96/96/93 98/98/95
f 98/98/95 94/94/91 95/95/92
f 94/94/91 98/98/95 99/99/96
f 99/99/96 92/92/89 94/94/91
f 99/99/96 100/100/97 92/92/89
f 100/100/97 90/90/87 92/92/89
f 90/90/87 100/100/97 101/101/98
f 101/101/98 88/88/85 90/90/87
f 101/101/98 85/85/82 88/88/85
f 85/85/82 101/101/98 102/102/99
f 102/102/99 86/86/83 85/85/82
f 102/102/99 103/103/100 86/86/83
f 103/103/100 102/102/99 104/104/101
f 105/105/102 104/104/101 102/102/99
f 104/104/101 105/105/102 106/106/103
f 106/106/103 105/105/102 107/107/104
f 107/107/104 108/108/105 106/106/103
f 51/51/48 52/52/49 109/109/106
f 109/109/106 110/110/107 51/51/48
f 49/49/46 51/51/48 110/110/107
f 110/110/107 111/111/108 49/49/46
f 49/49/46 111/111/108 46/46/43
f 46/46/43 111/111/108 112/112/109
f 112/112/109 47/47/44 46/46/43
f 113/113/110 47/47/44 112/112/109
f 47/47/44 113/113/110 97/97/94
f 113/113/110 107/107/104 97/97/94
f 97/97/94 107/107/104 105/105/102
f 105/105/102 99/99/96 97/97/94
f 100/100/97 99/99/96 105/105/102
f 105/105/102 101/101/98 100/100/97
f 101/101/98 105/105/102 102/102/99
f 110/110/107 109/109/106 114/114/111
f 114/114/111 115/115/112 110/110/107
f 111/111/108 110/110/107 115/115/112
f 115/115/112 112/112/109 111/111/108
f 112/112/109 115/115/112 116/116/113
f 116/116/113 117/117/114 112/112/109
f 112/112/109 117/117/114 113/113/110
f 107/107/104 113/113/110 117/117/114
f 115/115/112 118/118/115 119/119/116
f 115/115/112 119/119/116 120/120/117
f 120/120/117 121/121/118 115/115/112
f 116/116/113 115/115/112 121/121/118
f 116/116/113 121/121/118 122/122/119
f 116/116/113 122/122/119 123/123/120
f 116/116/113 123/123/120 124/124/121
f 124/124/121 125/125/122 116/116/113
f 108/108/105 107/107/104 126/126/123
f 117/117/114 126/126/123 107/107/104
f 127/127/124 126/126/123 117/117/114
f 117/117/114 116/116/113 127/127/124
f 128/128/125 127/127/124 116/116/113
f 116/116/113 129/129/126 128/128/125
f 129/129/126 116/116/113 125/125/122
f 129/129/126 125/125/122 130/130/127
f 129/129/126 130/130/127 131/131/128
f 129/129/126 131/131/128 132/132/129
f 132/132/129 133/133/130 129/129/126
f 114/114/111 129/129/126 133/133/130
f 114/114/111 133/133/130 134/134/131
f 114/114/111 134/134/131 135/135/132
f 114/114/111 135/135/132 136/136/133
f 136/136/133 137/137/134 114/114/111
f 115/115/112 114/114/111 137/137/134
f 115/115/112 137/137/134 118/118/115
f 53/53/50 138/138/135 52/52/49
f 109/109/106 52/52/49 138/138/135
f 138/138/135 139/139/136 109/109/106
f 114/114/111 109/109/106 139/139/136
f 139/139/136 140/140/137 114/114/111
f 129/129/126 114/114/111 140/140/137
f 140/140/137 141/141/138 129/129/126
f 128/128/125 129/129/126 141/141/138
f 141/141/138 142/142/139 128/128/125
f 143/143/140 128/128/125 142/142/139
f 127/127/124 128/128/125 143/143/140
f 143/143/140 144/144/141 127/127/124
f 126/126/123 127/127/124 144/144/141
f 144/144/141 145/145/142 126/126/123
f 126/126/123 145/145/142 108/108/105
f 146/146/143 108/108/105 145/145/142
f 108/108/105 146/146/143 147/147/144
f 148/148/145 147/147/144 146/146/143
f 149/149/146 150/150/147 151/151/148
f 151/151/148 148/148/145 149/149/146
f 149/149/146 148/148/145 152/152/149
f 146/146/143 152/152/149 148/148/145
f 152/152/149 146/146/143 153/153/150
f 145/145/142 153/153/150 146/146/143
f 154/154/151 153/153/150 145/145/142
f 145/145/142 144/144/141 154/154/151
f 155/155/152 154/154/151 144/144/141
f 144/144/141 143/143/140 155/155/152
f 156/156/153 155/155/152 143/143/140
f 143/143/140 157/157/154 156/156/153
f 142/142/139 157/157/154 143/143/140
f 154/154/151 155/155/152 158/158/155
f 158/158/155 155/155/152 159/159/156
f 159/159/156 155/155/152 160/160/157
f 160/160/157 155/155/152 161/161/158
f 162/162/159 161/161/158 155/155/152
f 155/155/152 163/163/160 162/162/159
f 155/155/152 156/156/153 163/163/160
f 163/163/160 156/156/153 164/164/161
f 164/164/161 156/156/153 165/165/162
f 166/166/163 165/165/162 156/156/153
f 156/156/153 167/167/164 166/166/163
f 156/156/153 168/168/165 167/167/164
f 167/167/164 168/168/165 169/169/166
f 169/169/166 168/168/165 170/170/167
f 171/171/168 170/170/167 168/168/165
f 168/168/165 172/172/169 171/171/168
f 173/173/170 158/158/155 174/174/171
f 175/175/172 174/174/171 158/158/155
f 158/158/155 159/159/156 175/175/172
f 172/172/169 158/158/155 173/173/170
f 168/168/165 158/158/155 172/172/169
f 176/176/173 158/158/155 168/168/165
f 168/168/165 177/177/174 176/176/173
f 178/178/175 176/176/173 177/177/174
f 177/177/174 179/179/176 178/178/175
f 180/180/177 178/178/175 179/179/176
f 179/179/176 181/181/178 180/180/177
f 182/182/179 180/180/177 181/181/178
f 181/181/178 183/183/180 182/182/179
f 184/184/181 182/182/179 183/183/180
f 183/183/180 185/185/182 184/184/181
f 186/186/183 184/184/181 185/185/182
f 185/185/182 187/187/184 186/186/183
f 188/188/185 186/186/183 187/187/184
f 187/187/184 189/189/186 188/188/185
f 190/190/187 188/188/185 189/189/186
f 189/189/186 191/191/188 190/190/187
f 192/192/189 180/180/177 182/182/179
f 193/193/190 194/194/191 192/192/189
f 180/180/177 192/192/189 194/194/191
f 194/194/191 178/178/175 180/180/177
f 195/195/192 193/193/190 196/196/193
f 194/194/191 193/193/190 195/195/192
f 195/195/192 197/197/194 194/194/191
f 178/178/175 194/194/191 197/197/194
f 197/197/194 176/176/173 178/178/175
f 198/198/195 158/158/155 176/176/173
f 176/176/173 197/197/194 198/198/195
f 199/199/196 198/198/195 197/197/194
f 197/197/194 195/195/192 199/199/196
f 199/199/196 195/195/192 200/200/197
f 196/196/193 200/200/197 195/195/192
f 200/200/197 196/196/193 201/201/198
f 202/202/199 182/182/179 184/184/181
f 182/182/179 202/202/199 192/192/189
f 203/203/200 192/192/189 202/202/199
f 192/192/189 203/203/200 193/193/190
f 193/193/190 203/203/200 204/204/201
f 204/204/201 196/196/193 193/193/190
f 196/196/193 204/204/201 205/205/202
f 205/205/202 201/201/198 196/196/193
f 206/206/203 201/201/198 205/205/202
f 201/201/198 206/206/203 150/150/147
f 150/150/147 149/149/146 201/201/198
f 201/201/198 149/149/146 200/200/197
f 152/152/149 200/200/197 149/149/146
f 200/200/197 152/152/149 199/199/196
f 153/153/150 199/199/196 152/152/149
f 198/198/195 199/199/196 153/153/150
f 153/153/150 154/154/151 198/198/195
f 158/158/155 198/198/195 154/154/151
f 207/207/204 147/147/144 148/148/145
f 148/148/145 151/151/148 207/207/204
f 208/208/205 207/207/204 151/151/148
f 151/151/148 209/209/206 208/208/205
f 209/209/206 151/151/148 150/150/147
f 150/150/147 210/210/207 209/209/206
f 210/210/207 150/150/147 206/206/203
f 206/206/203 211/211/208 210/210/207
f 211/211/208 206/206/203 212/212/209
f 205/205/202 212/212/209 206/206/203
f 212/212/209 205/205/202 213/213/210
f 213/213/210 205/205/202 204/204/201
f 204/204/201 214/214/211 213/213/210
f 214/214/211 204/204/201 203/203/200
f 203/203/200 215/215/212 214/214/211
f 202/202/199 215/215/212 203/203/200
f 215/215/212 202/202/199 216/216/213
f 184/184/181 216/216/213 202/202/199
f 147/147/144 207/207/204 217/217/214
f 218/218/215 217/217/214 207/207/204
f 217/217/214 218/218/215 219/219/216
f 217/217/214 219/219/216 220/220/217
f 104/104/101 217/217/214 220/220/217
f 106/106/103 217/217/214 104/104/101
f 217/217/214 106/106/103 147/147/144
f 147/147/144 106/106/103 108/108/105
f 221/221/218 208/208/205 209/209/206
f 222/222/219 208/208/205 221/221/218
f 207/207/204 208/208/205 222/222/219
f 223/223/220 207/207/204 222/222/219
f 207/207/204 223/223/220 218/218/215
f 224/224/221 218/218/215 223/223/220
f 218/218/215 224/224/221 225/225/222
f 225/225/222 219/219/216 218/218/215
f 219/219/216 225/225/222 226/226/223
f 226/226/223 220/220/217 219/219/216
f 227/227/224 220/220/217 226/226/223
f 220/220/217 227/227/224 104/104/101
f 104/104/101 227/227/224 228/228/225
f 104/104/101 228/228/225 103/103/100
f 229/229/226 103/103/100 228/228/225
f 103/103/100 229/229/226 230/230/227
f 230/230/227 86/86/83 103/103/100
f 86/86/83 230/230/227 84/84/81
f 221/221/218 231/231/228 222/222/219
f 222/222/219 231/231/228 232/232/229
f 232/232/229 223/223/220 222/222/219
f 223/223/220 232/232/229 224/224/221
f 233/233/230 234/234/231 235/235/232
f 234/234/231 233/233/230 236/236/233
f 236/236/233 237/237/234 234/234/231
f 237/237/234 236/236/233 238/238/235
f 239/239/236 237/237/234 238/238/235
f 237/237/234 239/239/236 240/240/237
f 240/240/237 211/211/208 237/237/234
f 211/211/208 240/240/237 241/241/238
f 242/242/239 211/211/208 241/241/238
f 211/211/208 242/242/239 243/243/240
f 243/243/240 210/210/207 211/211/208
f 210/210/207 243/243/240 244/244/241
f 245/245/242 210/210/207 244/244/241
f 210/210/207 245/245/242 246/246/243
f 246/246/243 209/209/206 210/210/207
f 209/209/206 246/246/243 247/247/244
f 248/248/245 209/209/206 247/247/244
f 209/209/206 248/248/245 221/221/218
f 216/216/213 249/249/246 215/215/212
f 215/215/212 249/249/246 250/250/247
f 250/250/247 214/214/211 215/215/212
f 214/214/211 250/250/247 251/251/248
f 251/251/248 213/213/210 214/214/211
f 252/252/249 213/213/210 251/251/248
f 213/213/210 252/252/249 212/212/209
f 237/237/234 212/212/209 252/252/249
f 212/212/209 237/237/234 211/211/208
f 249/249/246 253/253/250 254/254/251
f 254/254/251 250/250/247 249/249/246
f 250/250/247 254/254/251 255/255/252
f 255/255/252 251/251/248 250/250/247
f 256/256/253 251/251/248 255/255/252
f 251/251/248 256/256/253 252/252/249
f 234/234/231 252/252/249 256/256/253
f 252/252/249 234/234/231 237/237/234
f 256/256/253 257/257/254 234/234/231
f 257/257/254 256/256/253 258/258/255
f 255/255/252 258/258/255 256/256/253
f 258/258/255 255/255/252 259/259/256
f 259/259/256 255/255/252 254/254/251
f 254/254/251 260/260/257 259/259/256
f 260/260/257 254/254/251 253/253/250
f 253/253/250 261/261/258 260/260/257
f 262/262/259 263/263/260 264/264/261
f 263/263/260 262/262/259 265/265/262
f 266/266/263 265/265/262 262/262/259
f 265/265/262 266/266/263 261/261/258
f 261/261/258 266/266/263 267/267/264
f 267/267/264 260/260/257 261/261/258
f 260/260/257 267/267/264 268/268/265
f 268/268/265 259/259/256 260/260/257
f 269/269/266 259/259/256 268/268/265
f 259/259/256 269/269/266 258/258/255
f 270/270/267 258/258/255 269/269/266
f 258/258/255 270/270/267 257/257/254
f 271/271/268 257/257/254 270/270/267
f 257/257/254 271/271/268 272/272/269
f 273/273/270 257/257/254 272/272/269
f 257/257/254 273/273/270 274/274/271
f 274/274/271 234/234/231 257/257/254
f 234/234/231 274/274/271 235/235/232
f 261/261/258 275/275/272 265/265/262
f 276/276/273 216/216/213 184/184/181
f 184/184/181 186/186/183 276/276/273
f 276/276/273 186/186/183 277/277/274
f 277/277/274 186/186/183 278/278/275
f 186/186/183 279/279/276 278/278/275
f 279/279/276 186/186/183 280/280/277
f 280/280/277 186/186/183 188/188/185
f 188/188/185 275/275/272 280/280/277
f 275/275/272 188/188/185 190/190/187
f 190/190/187 265/265/262 275/275/272
f 265/265/262 190/190/187 263/263/260
f 281/281/278 216/216/213 276/276/273
f 282/282/279 216/216/213 281/281/278
f 216/216/213 282/282/279 283/283/280
f 283/283/280 284/284/281 216/216/213
f 216/216/213 284/284/281 285/285/282
f 285/285/282 249/249/246 216/216/213
f 249/249/246 285/285/282 286/286/283
f 249/249/246 286/286/283 253/253/250
f 286/286/283 287/287/284 253/253/250
f 253/253/250 287/287/284 288/288/285
f 289/289/286 253/253/250 288/288/285
f 253/253/250 289/289/286 290/290/287
f 253/253/250 290/290/287 291/291/288
f 291/291/288 261/261/258 253/253/250
f 261/261/258 291/291/288 292/292/289
f 261/261/258 292/292/289 275/275/272
f 293/293/290 275/275/272 292/292/289
f 294/294/291 275/275/272 293/293/290
f 295/295/292 275/275/272 294/294/291
f 280/280/277 275/275/272 295/295/292
f 296/296/293 24/24/21 23/23/20
f 24/24/21 296/296/293 31/31/28
f 296/296/293 297/297/294 31/31/28
f 297/297/294 298/298/295 31/31/28
f 298/298/295 297/297/294 299/299/296
f 299/299/296 300/300/297 298/298/295
f 300/300/297 299/299/296 301/301/298
f 301/301/298 302/302/299 300/300/297
f 302/302/299 301/301/298 303/303/300
f 303/303/300 304/304/301 302/302/299
f 304/304/301 303/303/300 305/305/302
f 305/305/302 306/306/303 304/304/301
f 306/306/303 305/305/302 307/307/304
f 307/307/304 308/308/305 306/306/303
f 308/308/305 307/307/304 309/309/306
f 309/309/306 310/310/307 308/308/305
f 310/310/307 309/309/306 264/264/261
f 264/264/261 263/263/260 310/310/307
f 263/263/260 190/190/187 191/191/188
f 191/191/188 310/310/307 263/263/260
f 310/310/307 191/191/188 311/311/308
f 311/311/308 308/308/305 310/310/307
f 308/308/305 311/311/308 312/312/309
f 312/312/309 306/306/303 308/308/305
f 306/306/303 312/312/309 313/313/310
f 313/313/310 304/304/301 306/306/303
f 304/304/301 313/313/310 314/314/311
f 314/314/311 302/302/299 304/304/301
f 302/302/299 314/314/311 315/315/312
f 315/315/312 300/300/297 302/302/299
f 300/300/297 315/315/312 298/298/295
f 316/316/313 298/298/295 315/315/312
f 298/298/295 316/316/313 31/31/28
f 316/316/313 317/317/314 31/31/28
f 317/317/314 318/318/315 31/31/28
f 318/318/315 317/317/314 319/319/316
f 320/320/317 321/321/318 322/322/319
f 321/321/318 320/320/317 323/323/320
f 324/324/321 323/323/320 320/320/317
f 323/323/320 324/324/321 325/325/322
f 325/325/322 326/326/323 323/323/320
f 326/326/323 325/325/322 319/319/316
f 319/319/316 327/327/324 326/326/323
f 327/327/324 319/319/316 317/317/314
f 328/328/325 327/327/324 317/317/314
f 317/317/314 316/316/313 328/328/325
f 315/315/312 328/328/325 316/316/313
f 328/328/325 315/315/312 314/314/311
f 314/314/311 329/329/326 328/328/325
f 329/329/326 314/314/311 313/313/310
f 313/313/310 330/330/327 329/329/326
f 330/330/327 313/313/310 312/312/309
f 312/312/309 321/321/318 330/330/327
f 321/321/318 312/312/309 311/311/308
f 327/327/324 328/328/325 329/329/326
f 329/329/326 326/326/323 327/327/324
f 326/326/323 329/329/326 330/330/327
f 330/330/327 323/323/320 326/326/323
f 323/323/320 330/330/327 321/321/318
f 311/311/308 322/322/319 321/321/318
f 322/322/319 311/311/308 191/191/188
f 191/191/188 189/189/186 322/322/319
f 331/331/328 322/322/319 189/189/186
f 189/189/186 187/187/184 331/331/328
f 332/332/329 331/331/328 187/187/184
f 187/187/184 185/185/182 332/332/329
f 331/331/328 332/332/329 333/333/330
f 322/322/319 331/331/328 320/320/317
f 333/333/330 320/320/317 331/331/328
f 320/320/317 333/333/330 324/324/321
f 319/319/316 334/334/331 318/318/315
f 334/334/331 319/319/316 325/325/322
f 325/325/322 335/335/332 334/334/331
f 335/335/332 325/325/322 324/324/321
f 324/324/321 336/336/333 335/335/332
f 336/336/333 324/324/321 333/333/330
f 333/333/330 337/337/334 336/336/333
f 337/337/334 333/333/330 332/332/329
f 332/332/329 338/338/335 337/337/334
f 338/338/335 332/332/329 185/185/182
f 185/185/182 183/183/180 338/338/335
f 339/339/336 338/338/335 183/183/180
f 183/183/180 181/181/178 339/339/336
f 340/340/337 339/339/336 181/181/178
f 181/181/178 179/179/176 340/340/337
f 341/341/338 340/340/337 179/179/176
f 179/179/176 177/177/174 341/341/338
f 342/342/339 341/341/338 177/177/174
f 343/343/340 344/344/341 345/345/342
f 344/344/341 343/343/340 346/346/343
f 347/347/344 346/346/343 343/343/340
f 346/346/343 347/347/344 348/348/345
f 349/349/346 348/348/345 347/347/344
f 347/347/344 350/350/347 349/349/346
f 351/351/348 349/349/346 350/350/347
f 350/350/347 352/352/349 351/351/348
f 342/342/339 351/351/348 352/352/349
f 352/352/349 353/353/350 342/342/339
f 341/341/338 342/342/339 353/353/350
f 353/353/350 354/354/351 341/341/338
f 340/340/337 341/341/338 354/354/351
f 354/354/351 355/355/352 340/340/337
f 339/339/336 340/340/337 355/355/352
f 355/355/352 356/356/353 339/339/336
f 338/338/335 339/339/336 356/356/353
f 356/356/353 337/337/334 338/338/335
f 346/346/343 357/357/354 344/344/341
f 358/358/355 344/344/341 357/357/354
f 344/344/341 358/358/355 359/359/356
f 360/360/357 359/359/356 358/358/355
f 359/359/356 360/360/357 361/361/358
f 362/362/359 361/361/358 360/360/357
f 361/361/358 362/362/359 363/363/360
f 364/364/361 54/54/51 365/365/362
f 55/55/52 365/365/362 54/54/51
f 365/365/362 55/55/52 366/366/363
f 56/56/53 366/366/363 55/55/52
f 366/366/363 56/56/53 367/367/364
f 25/25/22 367/367/364 56/56/53
f 367/367/364 25/25/22 368/368/365
f 27/27/24 368/368/365 25/25/22
f 368/368/365 27/27/24 29/29/26
f 29/29/26 369/369/366 368/368/365
f 369/369/366 29/29/26 31/31/28
f 363/363/360 369/369/366 31/31/28
f 370/370/367 363/363/360 31/31/28
f 363/363/360 370/370/367 361/361/358
f 371/371/368 361/361/358 370/370/367
f 361/361/358 371/371/368 359/359/356
f 345/345/342 359/359/356 371/371/368
f 359/359/356 345/345/342 344/344/341
f 358/358/355 372/372/369 360/360/357
f 373/373/370 360/360/357 372/372/369
f 360/360/357 373/373/370 362/362/359
f 374/374/371 362/362/359 373/373/370
f 362/362/359 374/374/371 363/363/360
f 374/374/371 375/375/372 363/363/360
f 369/369/366 363/363/360 375/375/372
f 375/375/372 376/376/373 369/369/366
f 376/376/373 368/368/365 369/369/366
f 368/368/365 376/376/373 367/367/364
f 377/377/374 367/367/364 376/376/373
f 367/367/364 377/377/374 366/366/363
f 378/378/375 366/366/363 377/377/374
f 366/366/363 378/378/375 365/365/362
f 379/379/376 365/365/362 378/378/375
f 365/365/362 379/379/376 364/364/361
f 380/380/377 364/364/361 379/379/376
f 379/379/376 381/381/378 380/380/377
f 375/375/372 374/374/371 382/382/379
f 373/373/370 382/382/379 374/374/371
f 382/382/379 373/373/370 383/383/380
f 372/372/369 383/383/380 373/373/370
f 376/376/373 375/375/372 377/377/374
f 382/382/379 377/377/374 375/375/372
f 377/377/374 382/382/379 378/378/375
f 383/383/380 378/378/375 382/382/379
f 378/378/375 383/383/380 379/379/376
f 381/381/378 379/379/376 383/383/380
f 383/383/380 372/372/369 381/381/378
f 384/384/381 381/381/378 372/372/369
f 372/372/369 358/358/355 384/384/381
f 357/357/354 384/384/381 358/358/355
f 385/385/382 380/380/377 381/381/378
f 381/381/378 384/384/381 385/385/382
f 386/386/383 385/385/382 384/384/381
f 384/384/381 357/357/354 386/386/383
f 387/387/384 386/386/383 357/357/354
f 357/357/354 346/346/343 387/387/384
f 348/348/345 387/387/384 346/346/343
f 177/177/174 168/168/165 342/342/339
f 351/351/348 342/342/339 168/168/165
f 168/168/165 156/156/153 351/351/348
f 349/349/346 351/351/348 156/156/153
f 156/156/153 157/157/154 349/349/346
f 348/348/345 349/349/346 157/157/154
f 157/157/154 142/142/139 348/348/345
f 387/387/384 348/348/345 142/142/139
f 142/142/139 141/141/138 387/387/384
f 386/386/383 387/387/384 141/141/138
f 141/141/138 140/140/137 386/386/383
f 385/385/382 386/386/383 140/140/137
f 140/140/137 139/139/136 385/385/382
f 380/380/377 385/385/382 139/139/136
f 139/139/136 138/138/135 380/380/377
f 364/364/361 380/380/377 138/138/135
f 138/138/135 53/53/50 364/364/361
f 54/54/51 364/364/361 53/53/50
f 12/12/9 37/37/34 10/10/7
f 42/42/39 10/10/7 37/37/34
f 10/10/7 42/42/39 388/388/385
f 44/44/41 388/388/385 42/42/39
f 388/388/385 44/44/41 50/50/47
f 50/50/47 389/389/386 388/388/385
f 389/389/386 50/50/47 58/58/55
f 58/58/55 390/390/387 389/389/386
f 390/390/387 58/58/55 59/59/56
f 59/59/56 391/391/388 390/390/387
f 392/392/389 391/391/388 59/59/56
f 391/391/388 392/392/389 393/393/390
f 394/394/391 393/393/390 392/392/389
f 393/393/390 394/394/391 395/395/392
f 395/395/392 396/396/393 393/393/390
f 396/396/393 395/395/392 397/397/394
f 397/397/394 398/398/395 396/396/393
f 398/398/395 397/397/394 399/399/396
f 391/391/388 396/396/393 398/398/395
f 396/396/393 391/391/388 393/393/390
f 388/388/385 8/8/5 10/10/7
f 8/8/5 388/388/385 389/389/386
f 389/389/386 6/6/3 8/8/5
f 6/6/3 389/389/386 390/390/387
f 390/390/387 7/7/4 6/6/3
f 7/7/4 390/390/387 391/391/388
f 391/391/388 400/400/397 7/7/4
f 398/398/395 400/400/397 391/391/388
f 400/400/397 398/398/395 401/401/398
f 402/402/399 400/400/397 401/401/398
f 400/400/397 402/402/399 403/403/400
f 403/403/400 404/404/401 400/400/397
f 404/404/401 403/403/400 405/405/402
f 406/406/403 404/404/401 405/405/402
f 7/7/4 407/407/404 5/5/2
f 407/407/404 7/7/4 400/400/397
f 400/400/397 404/404/401 407/407/404
f 408/408/405 409/409/406 410/410/407
f 410/410/407 409/409/406 411/411/408
f 411/411/408 409/409/406 412/412/409
f 412/412/409 413/413/410 411/411/408
f 413/413/410 412/412/409 414/414/411
f 415/415/412 414/414/411 412/412/409
f 406/406/403 415/415/412 412/412/409
f 412/412/409 404/404/401 406/406/403
f 404/404/401 412/412/409 416/416/413
f 416/416/413 407/407/404 404/404/401
f 407/407/404 416/416/413 417/417/414
f 417/417/414 5/5/2 407/407/404
f 5/5/2 417/417/414 418/418/415
f 418/418/415 9/9/6 5/5/2
f 9/9/6 418/418/415 419/419/416
f 419/419/416 11/11/8 9/9/6
f 11/11/8 419/419/416 13/13/10
f 420/420/417 13/13/10 419/419/416
f 421/421/418 422/422/419 423/423/420
f 423/423/420 424/424/421 421/421/418
f 425/425/422 421/421/418 424/424/421
f 424/424/421 426/426/423 425/425/422
f 425/425/422 426/426/423 427/427/424
f 428/428/425 427/427/424 426/426/423
f 429/429/426 427/427/424 428/428/425
f 430/430/427 429/429/426 428/428/425
f 428/428/425 431/431/428 430/430/427
f 409/409/406 430/430/427 431/431/428
f 431/431/428 432/432/429 409/409/406
f 412/412/409 409/409/406 432/432/429
f 432/432/429 416/416/413 412/412/409
f 417/417/414 416/416/413 432/432/429
f 432/432/429 433/433/430 417/417/414
f 418/418/415 417/417/414 433/433/430
f 433/433/430 434/434/431 418/418/415
f 419/419/416 418/418/415 434/434/431
f 427/427/424 435/435/432 425/425/422
f 435/435/432 436/436/433 437/437/434
f 437/437/434 425/425/422 435/435/432
f 421/421/418 425/425/422 437/437/434
f 436/436/433 438/438/435 439/439/436
f 439/439/436 437/437/434 436/436/433
f 440/440/437 437/437/434 439/439/436
f 437/437/434 440/440/437 421/421/418
f 422/422/419 421/421/418 440/440/437
f 440/440/437 441/441/438 422/422/419
f 441/441/438 440/440/437 442/442/439
f 439/439/436 442/442/439 440/440/437
f 442/442/439 439/439/436 443/443/440
f 443/443/440 439/439/436 438/438/435
f 438/438/435 444/444/441 443/443/440
f 444/444/441 445/445/442 446/446/443
f 446/446/443 443/443/440 444/444/441
f 447/447/444 443/443/440 446/446/443
f 443/443/440 447/447/444 442/442/439
f 448/448/445 442/442/439 447/447/444
f 442/442/439 448/448/445 441/441/438
f 441/441/438 448/448/445 449/449/446
f 441/441/438 449/449/446 450/450/447
f 441/441/438 450/450/447 451/451/448
f 441/441/438 451/451/448 452/452/449
f 452/452/449 453/453/450 441/441/438
f 454/454/451 455/455/452 456/456/453
f 455/455/452 454/454/451 457/457/454
f 457/457/454 458/458/455 455/455/452
f 458/458/455 457/457/454 459/459/456
f 459/459/456 460/460/457 458/458/455
f 460/460/457 459/459/456 448/448/445
f 448/448/445 461/461/458 460/460/457
f 447/447/444 461/461/458 448/448/445
f 461/461/458 447/447/444 462/462/459
f 446/446/443 462/462/459 447/447/444
f 462/462/459 446/446/443 463/463/460
f 463/463/460 446/446/443 445/445/442
f 445/445/442 464/464/461 463/463/460
f 465/465/462 459/459/456 457/457/454
f 466/466/463 465/465/462 467/467/464
f 457/457/454 467/467/464 465/465/462
f 467/467/464 457/457/454 454/454/451
f 468/468/465 449/449/446 448/448/445
f 448/448/445 469/469/466 468/468/465
f 448/448/445 470/470/467 469/469/466
f 448/448/445 471/471/468 470/470/467
f 448/448/445 459/459/456 471/471/468
f 472/472/469 471/471/468 459/459/456
f 459/459/456 473/473/470 472/472/469
f 459/459/456 474/474/471 473/473/470
f 459/459/456 475/475/472 474/474/471
f 459/459/456 465/465/462 475/475/472
f 476/476/473 475/475/472 465/465/462
f 465/465/462 477/477/474 476/476/473
f 465/465/462 478/478/475 477/477/474
f 465/465/462 453/453/450 478/478/475
f 465/465/462 441/441/438 453/453/450
f 441/441/438 465/465/462 466/466/463
f 466/466/463 422/422/419 441/441/438
f 423/423/420 422/422/419 466/466/463
f 433/433/430 432/432/429 431/431/428
f 479/479/476 433/433/430 431/431/428
f 431/431/428 428/428/425 479/479/476
f 426/426/423 479/479/476 428/428/425
f 480/480/477 479/479/476 426/426/423
f 426/426/423 424/424/421 480/480/477
f 481/481/478 480/480/477 424/424/421
f 424/424/421 423/423/420 481/481/478
f 481/481/478 423/423/420 482/482/479
f 466/466/463 482/482/479 423/423/420
f 482/482/479 466/466/463 483/483/480
f 467/467/464 483/483/480 466/466/463
f 483/483/480 467/467/464 484/484/481
f 454/454/451 484/484/481 467/467/464
f 484/484/481 454/454/451 485/485/482
f 456/456/453 485/485/482 454/454/451
f 485/485/482 456/456/453 486/486/483
f 486/486/483 487/487/484 485/485/482
f 434/434/431 433/433/430 479/479/476
f 479/479/476 480/480/477 434/434/431
f 434/434/431 488/488/485 489/489/486
f 434/434/431 480/480/477 488/488/485
f 490/490/487 488/488/485 480/480/477
f 480/480/477 491/491/488 490/490/487
f 480/480/477 492/492/489 491/491/488
f 480/480/477 493/493/490 492/492/489
f 480/480/477 481/481/478 493/493/490
f 494/494/491 493/493/490 481/481/478
f 481/481/478 495/495/492 494/494/491
f 481/481/478 496/496/493 495/495/492
f 481/481/478 497/497/494 496/496/493
f 498/498/495 485/485/482 487/487/484
f 485/485/482 498/498/495 484/484/481
f 499/499/496 484/484/481 498/498/495
f 484/484/481 499/499/496 483/483/480
f 500/500/497 483/483/480 499/499/496
f 483/483/480 500/500/497 482/482/479
f 501/501/498 482/482/479 500/500/497
f 482/482/479 501/501/498 481/481/478
f 502/502/499 481/481/478 501/501/498
f 481/481/478 502/502/499 497/497/494
f 503/503/500 497/497/494 502/502/499
f 502/502/499 504/504/501 503/503/500
f 502/502/499 505/505/502 504/504/501
f 502/502/499 506/506/503 505/505/502
f 502/502/499 434/434/431 506/506/503
f 507/507/504 506/506/503 434/434/431
f 434/434/431 508/508/505 507/507/504
f 434/434/431 489/489/486 508/508/505
f 434/434/431 502/502/499 419/419/416
f 419/419/416 502/502/499 420/420/417
f 501/501/498 420/420/417 502/502/499
f 420/420/417 501/501/498 509/509/506
f 500/500/497 509/509/506 501/501/498
f 509/509/506 500/500/497 510/510/507
f 499/499/496 510/510/507 500/500/497
f 510/510/507 499/499/496 511/511/508
f 498/498/495 511/511/508 499/499/496
f 511/511/508 498/498/495 512/512/509
f 487/487/484 512/512/509 498/498/495
f 512/512/509 487/487/484 513/513/510
f 514/514/511 513/513/510 487/487/484
f 487/487/484 486/486/483 514/514/511
f 515/515/512 514/514/511 486/486/483
f 486/486/483 516/516/513 515/515/512
f 516/516/513 486/486/483 456/456/453
f 456/456/453 517/517/514 516/516/513
f 13/13/10 420/420/417 15/15/12
f 509/509/506 15/15/12 420/420/417
f 15/15/12 509/509/506 17/17/14
f 510/510/507 17/17/14 509/509/506
f 17/17/14 510/510/507 19/19/16
f 511/511/508 19/19/16 510/510/507
f 19/19/16 511/511/508 21/21/18
f 512/512/509 21/21/18 511/511/508
f 21/21/18 512/512/509 23/23/20
f 513/513/510 23/23/20 512/512/509
f 23/23/20 513/513/510 296/296/293
f 513/513/510 514/514/511 296/296/293
f 297/297/294 296/296/293 514/514/511
f 514/514/511 515/515/512 297/297/294
f 515/515/512 299/299/296 297/297/294
f 299/299/296 515/515/512 516/516/513
f 516/516/513 301/301/298 299/299/296
f 301/301/298 516/516/513 517/517/514
f 517/517/514 456/456/453 455/455/452
f 455/455/452 518/518/515 517/517/514
f 518/518/515 455/455/452 458/458/455
f 458/458/455 519/519/516 518/518/515
f 519/519/516 458/458/455 460/460/457
f 460/460/457 520/520/517 519/519/516
f 520/520/517 460/460/457 461/461/458
f 461/461/458 521/521/518 520/520/517
f 462/462/459 521/521/518 461/461/458
f 521/521/518 462/462/459 522/522/519
f 463/463/460 522/522/519 462/462/459
f 522/522/519 463/463/460 523/523/520
f 523/523/520 463/463/460 464/464/461
f 464/464/461 524/524/521 523/523/520
f 524/524/521 464/464/461 525/525/522
f 525/525/522 526/526/523 524/524/521
f 527/527/524 526/526/523 525/525/522
f 526/526/523 527/527/524 528/528/525
f 517/517/514 303/303/300 301/301/298
f 303/303/300 517/517/514 518/518/515
f 518/518/515 305/305/302 303/303/300
f 305/305/302 518/518/515 519/519/516
f 519/519/516 307/307/304 305/305/302
f 307/307/304 519/519/516 520/520/517
f 520/520/517 309/309/306 307/307/304
f 309/309/306 520/520/517 521/521/518
f 521/521/518 264/264/261 309/309/306
f 522/522/519 264/264/261 521/521/518
f 264/264/261 522/522/519 262/262/259
f 523/523/520 262/262/259 522/522/519
f 262/262/259 523/523/520 266/266/263
f 266/266/263 523/523/520 524/524/521
f 524/524/521 267/267/264 266/266/263
f 267/267/264 524/524/521 526/526/523
f 526/526/523 268/268/265 267/267/264
f 528/528/525 268/268/265 526/526/523
f 268/268/265 528/528/525 269/269/266
f 529/529/526 530/530/527 531/531/528
f 531/531/528 532/532/529 529/529/526
f 532/532/529 531/531/528 533/533/530
f 533/533/530 534/534/531 532/532/529
f 534/534/531 533/533/530 535/535/532
f 535/535/532 527/527/524 534/534/531
f 527/527/524 535/535/532 536/536/533
f 536/536/533 528/528/525 527/527/524
f 528/528/525 536/536/533 537/537/534
f 537/537/534 269/269/266 528/528/525
f 269/269/266 537/537/534 270/270/267
f 538/538/535 270/270/267 537/537/534
f 270/270/267 538/538/535 539/539/536
f 540/540/537 270/270/267 539/539/536
f 270/270/267 540/540/537 271/271/268
f 537/537/534 541/541/538 538/538/535
f 541/541/538 537/537/534 542/542/539
f 537/537/534 543/543/540 542/542/539
f 543/543/540 537/537/534 536/536/533
f 536/536/533 544/544/541 543/543/540
f 544/544/541 536/536/533 545/545/542
f 536/536/533 546/546/543 545/545/542
f 546/546/543 536/536/533 535/535/532
f 535/535/532 547/547/544 546/546/543
f 547/547/544 535/535/532 548/548/545
f 535/535/532 549/549/546 548/548/545
f 549/549/546 535/535/532 533/533/530
f 533/533/530 550/550/547 549/549/546
f 550/550/547 533/533/530 551/551/548
f 533/533/530 552/552/549 551/551/548
f 552/552/549 533/533/530 531/531/528
f 531/531/528 553/553/550 552/552/549
f 553/553/550 531/531/528 554/554/551
f 531/531/528 555/555/552 554/554/551
f 555/555/552 531/531/528 530/530/527
f 530/530/527 556/556/553 555/555/552
f 556/556/553 530/530/527 557/557/554
f 530/530/527 558/558/555 557/557/554
f 558/558/555 530/530/527 559/559/556
f 559/559/556 560/560/557 558/558/555
f 560/560/557 559/559/556 561/561/558
f 559/559/556 562/562/559 561/561/558
f 563/563/560 562/562/559 559/559/556
f 564/564/561 565/565/562 566/566/563
f 567/567/564 565/565/562 564/564/561
f 567/567/564 568/568/565 565/565/562
f 569/569/566 568/568/565 567/567/564
f 570/570/567 568/568/565 569/569/566
f 569/569/566 571/571/568 570/570/567
f 570/570/567 571/571/568 572/572/569
f 573/573/570 572/572/569 571/571/568
f 572/572/569 573/573/570 574/574/571
f 574/574/571 575/575/572 572/572/569
f 575/575/572 574/574/571 576/576/573
f 576/576/573 577/577/574 575/575/572
f 577/577/574 576/576/573 563/563/560
f 563/563/560 578/578/575 577/577/574
f 559/559/556 578/578/575 563/563/560
f 578/578/575 559/559/556 579/579/576
f 579/579/576 559/559/556 530/530/527
f 530/530/527 529/529/526 579/579/576
f 565/565/562 568/568/565 566/566/563
f 580/580/577 581/581/578 582/582/579
f 581/581/578 580/580/577 583/583/580
f 581/581/578 583/583/580 584/584/581
f 585/585/582 581/581/578 584/584/581
f 584/584/581 586/586/583 585/585/582
f 585/585/582 586/586/583 587/587/584
f 587/587/584 566/566/563 585/585/582
f 585/585/582 566/566/563 568/568/565
f 588/588/585 585/585/582 568/568/565
f 568/568/565 570/570/567 588/588/585
f 588/588/585 570/570/567 589/589/586
f 589/589/586 570/570/567 572/572/569
f 572/572/569 575/575/572 589/589/586
f 589/589/586 575/575/572 577/577/574
f 589/589/586 577/577/574 578/578/575
f 579/579/576 589/589/586 578/578/575
f 590/590/587 589/589/586 579/579/576
f 579/579/576 591/591/588 590/590/587
f 589/589/586 590/590/587 588/588/585
f 592/592/589 525/525/522 464/464/461
f 464/464/461 445/445/442 592/592/589
f 593/593/590 592/592/589 445/445/442
f 445/445/442 444/444/441 593/593/590
f 591/591/588 593/593/590 444/444/441
f 444/444/441 438/438/435 591/591/588
f 590/590/587 591/591/588 438/438/435
f 438/438/435 436/436/433 590/590/587
f 588/588/585 590/590/587 436/436/433
f 436/436/433 435/435/432 588/588/585
f 585/585/582 588/588/585 435/435/432
f 435/435/432 427/427/424 585/585/582
f 581/581/578 585/585/582 427/427/424
f 427/427/424 429/429/426 581/581/578
f 582/582/579 581/581/578 429/429/426
f 429/429/426 430/430/427 582/582/579
f 408/408/405 582/582/579 430/430/427
f 430/430/427 409/409/406 408/408/405
f 591/591/588 579/579/576 529/529/526
f 529/529/526 593/593/590 591/591/588
f 593/593/590 529/529/526 532/532/529
f 532/532/529 592/592/589 593/593/590
f 592/592/589 532/532/529 534/534/531
f 534/534/531 525/525/522 592/592/589
f 525/525/522 534/534/531 527/527/524
f 399/399/396 401/401/398 398/398/395
f 401/401/398 399/399/396 594/594/591
f 594/594/591 402/402/399 401/401/398
f 402/402/399 594/594/591 595/595/592
f 595/595/592 403/403/400 402/402/399
f 403/403/400 595/595/592 596/596/593
f 596/596/593 405/405/402 403/403/400
f 405/405/402 596/596/593 597/597/594
f 597/597/594 406/406/403 405/405/402
f 406/406/403 597/597/594 598/598/595
f 598/598/595 415/415/412 406/406/403
f 415/415/412 598/598/595 599/599/596
f 599/599/596 414/414/411 415/415/412
f 414/414/411 599/599/596 600/600/597
f 600/600/597 413/413/410 414/414/411
f 413/413/410 600/600/597 601/601/598
f 601/601/598 411/411/408 413/413/410
f 411/411/408 601/601/598 602/602/599
f 602/602/599 410/410/407 411/411/408
f 410/410/407 602/602/599 603/603/600
f 603/603/600 408/408/405 410/410/407
f 408/408/405 603/603/600 604/604/601
f 604/604/601 582/582/579 408/408/405
f 582/582/579 604/604/601 605/605/602
f 605/605/602 580/580/577 582/582/579
f 580/580/577 605/605/602 606/606/603
f 606/606/603 583/583/580 580/580/577
f 583/583/580 606/606/603 607/607/604
f 607/607/604 584/584/581 583/583/580
f 584/584/581 607/607/604 608/608/605
f 608/608/605 586/586/583 584/584/581
f 586/586/583 608/608/605 609/609/606
f 609/609/606 587/587/584 586/586/583
f 587/587/584 609/609/606 610/610/607
f 610/610/607 566/566/563 587/587/584
f 566/566/563 610/610/607 564/564/561
f 571/571/568 611/611/608 573/573/570
f 611/611/608 571/571/568 569/569/566
f 569/569/566 612/612/609 611/611/608
f 613/613/610 612/612/609 569/569/566
f 569/569/566 567/567/564 613/613/610
f 564/564/561 613/613/610 567/567/564
f 337/337/334 356/356/353 614/614/611
f 614/614/611 336/336/333 337/337/334
f 336/336/333 614/614/611 615/615/612
f 615/615/612 335/335/332 336/336/333
f 335/335/332 615/615/612 616/616/613
f 616/616/613 334/334/331 335/335/332
f 334/334/331 616/616/613 318/318/315
f 617/617/614 318/318/315 616/616/613
f 318/318/315 617/617/614 31/31/28
f 617/617/614 618/618/615 31/31/28
f 618/618/615 619/619/616 31/31/28
f 619/619/616 618/618/615 620/620/617
f 620/620/617 621/621/618 619/619/616
f 621/621/618 620/620/617 622/622/619
f 622/622/619 623/623/620 621/621/618
f 623/623/620 622/622/619 624/624/621
f 624/624/621 625/625/622 623/623/620
f 625/625/622 624/624/621 352/352/349
f 618/618/615 617/617/614 626/626/623
f 626/626/623 627/627/624 618/618/615
f 627/627/624 620/620/617 618/618/615
f 620/620/617 627/627/624 628/628/625
f 628/628/625 622/622/619 620/620/617
f 622/622/619 628/628/625 629/629/626
f 629/629/626 624/624/621 622/622/619
f 624/624/621 629/629/626 353/353/350
f 353/353/350 352/352/349 624/624/621
f 627/627/624 626/626/623 630/630/627
f 630/630/627 628/628/625 627/627/624
f 628/628/625 630/630/627 631/631/628
f 631/631/628 629/629/626 628/628/625
f 629/629/626 631/631/628 354/354/351
f 354/354/351 353/353/350 629/629/626
f 355/355/352 354/354/351 631/631/628
f 631/631/628 632/632/629 355/355/352
f 632/632/629 631/631/628 630/630/627
f 630/630/627 633/633/630 632/632/629
f 633/633/630 630/630/627 626/626/623
f 626/626/623 634/634/631 633/633/630
f 634/634/631 626/626/623 617/617/614
f 616/616/613 634/634/631 617/617/614
f 634/634/631 616/616/613 615/615/612
f 615/615/612 633/633/630 634/634/631
f 633/633/630 615/615/612 614/614/611
f 614/614/611 632/632/629 633/633/630
f 632/632/629 614/614/611 356/356/353
f 356/356/353 355/355/352 632/632/629
f 352/352/349 350/350/347 625/625/622
f 635/635/632 625/625/622 350/350/347
f 350/350/347 347/347/344 635/635/632
f 343/343/340 635/635/632 347/347/344
f 635/635/632 343/343/340 636/636/633
f 345/345/342 636/636/633 343/343/340
f 636/636/633 345/345/342 637/637/634
f 371/371/368 637/637/634 345/345/342
f 637/637/634 371/371/368 370/370/367
f 370/370/367 638/638/635 637/637/634
f 638/638/635 370/370/367 31/31/28
f 619/619/616 638/638/635 31/31/28
f 638/638/635 619/619/616 639/639/636
f 621/621/618 639/639/636 619/619/616
f 639/639/636 621/621/618 623/623/620
f 623/623/620 640/640/637 639/639/636
f 640/640/637 623/623/620 625/625/622
f 625/625/622 635/635/632 640/640/637
f 636/636/633 640/640/637 635/635/632
f 640/640/637 636/636/633 641/641/638
f 637/637/634 641/641/638 636/636/633
f 641/641/638 637/637/634 638/638/635
f 639/639/636 641/641/638 638/638/635
f 641/641/638 639/639/636 640/640/637
f 642/642/639 643/643/640 644/644/641
f 644/644/641 645/645/642 642/642/639
f 645/645/642 644/644/641 646/646/643
f 647/647/644 645/645/642 646/646/643
f 648/648/645 647/647/644 646/646/643
f 647/647/644 648/648/645 649/649/646
f 650/650/647 649/649/646 648/648/645
f 649/649/646 650/650/647 651/651/648
f 652/652/649 651/651/648 650/650/647
f 651/651/648 652/652/649 653/653/650
f 654/654/651 653/653/650 652/652/649
f 655/655/652 654/654/651 652/652/649
f 656/656/653 655/655/652 652/652/649
f 657/657/654 656/656/653 652/652/649
f 658/658/655 657/657/654 652/652/649
f 652/652/649 659/659/656 658/658/655
f 660/660/657 658/658/655 659/659/656
f 661/661/658 660/660/657 659/659/656
f 662/662/659 663/663/660 646/646/643
f 663/663/660 664/664/661 646/646/643
f 664/664/661 665/665/662 646/646/643
f 665/665/662 666/666/663 646/646/643
f 666/666/663 667/667/664 646/646/643
f 667/667/664 668/668/665 646/646/643
f 668/668/665 669/669/666 646/646/643
f 650/650/647 670/670/667 652/652/649
f 670/670/667 650/650/647 671/671/668
f 648/648/645 671/671/668 650/650/647
f 671/671/668 648/648/645 646/646/643
f 672/672/669 671/671/668 646/646/643
f 669/669/666 672/672/669 646/646/643
f 672/672/669 669/669/666 673/673/670
f 674/674/671 673/673/670 669/669/666
f 669/669/666 668/668/665 674/674/671
f 675/675/672 674/674/671 668/668/665
f 668/668/665 667/667/664 675/675/672
f 676/676/673 675/675/672 667/667/664
f 667/667/664 666/666/663 676/676/673
f 677/677/674 676/676/673 666/666/663
f 666/666/663 665/665/662 677/677/674
f 678/678/675 677/677/674 665/665/662
f 665/665/662 664/664/661 678/678/675
f 679/679/676 678/678/675 664/664/661
f 673/673/670 670/670/667 672/672/669
f 671/671/668 672/672/669 670/670/667
f 680/680/677 681/681/678 682/682/679
f 679/679/676 682/682/679 681/681/678
f 681/681/678 683/683/680 679/679/676
f 678/678/675 679/679/676 683/683/680
f 683/683/680 684/684/681 678/678/675
f 677/677/674 678/678/675 684/684/681
f 684/684/681 685/685/682 677/677/674
f 685/685/682 686/686/683 677/677/674
f 676/676/673 677/677/674 686/686/683
f 686/686/683 687/687/684 676/676/673
f 675/675/672 676/676/673 687/687/684
f 687/687/684 688/688/685 675/675/672
f 674/674/671 675/675/672 688/688/685
f 688/688/685 689/689/686 674/674/671
f 673/673/670 674/674/671 689/689/686
f 689/689/686 659/659/656 673/673/670
f 670/670/667 673/673/670 659/659/656
f 659/659/656 652/652/649 670/670/667
f 690/690/687 691/691/688 684/684/681
f 692/692/689 690/690/687 684/684/681
f 693/693/690 692/692/689 684/684/681
f 694/694/691 693/693/690 684/684/681
f 695/695/692 694/694/691 684/684/681
f 684/684/681 683/683/680 695/695/692
f 696/696/693 695/695/692 683/683/680
f 697/697/694 696/696/693 683/683/680
f 698/698/695 697/697/694 683/683/680
f 699/699/696 698/698/695 683/683/680
f 700/700/697 699/699/696 683/683/680
f 701/701/698 700/700/697 683/683/680
f 683/683/680 681/681/678 701/701/698
f 702/702/699 701/701/698 681/681/678
f 703/703/700 702/702/699 681/681/678
f 704/704/701 703/703/700 681/681/678
f 705/705/702 704/704/701 681/681/678
f 706/706/703 705/705/702 681/681/678
f 707/707/704 706/706/703 681/681/678
f 681/681/678 680/680/677 707/707/704
f 708/708/705 707/707/704 680/680/677
f 709/709/706 708/708/705 680/680/677
f 710/710/707 709/709/706 680/680/677
f 711/711/708 710/710/707 680/680/677
f 712/712/709 711/711/708 680/680/677
f 713/713/710 712/712/709 680/680/677
f 680/680/677 714/714/711 713/713/710
f 715/715/712 713/713/710 714/714/711
f 716/716/713 715/715/712 714/714/711
f 717/717/714 716/716/713 714/714/711
f 714/714/711 718/718/715 717/717/714
f 719/719/716 717/717/714 718/718/715
f 720/720/717 719/719/716 718/718/715
f 721/721/718 720/720/717 718/718/715
f 722/722/719 721/721/718 718/718/715
f 718/718/715 723/723/720 722/722/719
f 651/651/648 724/724/721 649/649/646
f 725/725/722 649/649/646 724/724/721
f 649/649/646 725/725/722 647/647/644
f 645/645/642 647/647/644 725/725/722
f 725/725/722 642/642/639 645/645/642
f 642/642/639 725/725/722 726/726/723
f 726/726/723 727/727/724 642/642/639
f 643/643/640 642/642/639 727/727/724
f 727/727/724 728/728/725 643/643/640
f 729/729/726 643/643/640 728/728/725
f 728/728/725 723/723/720 729/729/726
f 730/730/727 729/729/726 723/723/720
f 723/723/720 718/718/715 730/730/727
f 731/731/728 730/730/727 718/718/715
f 718/718/715 714/714/711 731/731/728
f 732/732/729 731/731/728 714/714/711
f 714/714/711 680/680/677 732/732/729
f 682/682/679 732/732/729 680/680/677
f 724/724/721 726/726/723 725/725/722
f 733/733/730 734/734/731 727/727/724
f 727/727/724 726/726/723 733/733/730
f 735/735/732 733/733/730 726/726/723
f 736/736/733 735/735/732 726/726/723
f 737/737/734 736/736/733 726/726/723
f 738/738/735 737/737/734 726/726/723
f 739/739/736 738/738/735 726/726/723
f 726/726/723 724/724/721 739/739/736
f 740/740/737 739/739/736 724/724/721
f 741/741/738 740/740/737 724/724/721
f 742/742/739 741/741/738 724/724/721
f 743/743/740 742/742/739 724/724/721
f 744/744/741 743/743/740 724/724/721
f 745/745/742 744/744/741 724/724/721
f 746/746/743 745/745/742 724/724/721
f 724/724/721 651/651/648 746/746/743
f 747/747/744 746/746/743 651/651/648
f 748/748/745 747/747/744 651/651/648
f 749/749/746 748/748/745 651/651/648
f 750/750/747 749/749/746 651/651/648
f 653/653/650 750/750/747 651/651/648
f 751/751/748 722/722/719 723/723/720
f 752/752/749 751/751/748 723/723/720
f 753/753/750 752/752/749 723/723/720
f 754/754/751 753/753/750 723/723/720
f 755/755/752 754/754/751 723/723/720
f 723/723/720 728/728/725 755/755/752
f 756/756/753 755/755/752 728/728/725
f 757/757/754 756/756/753 728/728/725
f 758/758/755 757/757/754 728/728/725
f 759/759/756 758/758/755 728/728/725
f 760/760/757 759/759/756 728/728/725
f 728/728/725 727/727/724 760/760/757
f 761/761/758 760/760/757 727/727/724
f 762/762/759 761/761/758 727/727/724
f 763/763/760 762/762/759 727/727/724
f 764/764/761 763/763/760 727/727/724
f 765/765/762 764/764/761 727/727/724
f 734/734/731 765/765/762 727/727/724
f 766/766/763 661/661/658 659/659/656
f 767/767/764 766/766/763 659/659/656
f 768/768/765 767/767/764 659/659/656
f 659/659/656 689/689/686 768/768/765
f 769/769/766 768/768/765 689/689/686
f 770/770/767 769/769/766 689/689/686
f 771/771/768 770/770/767 689/689/686
f 772/772/769 771/771/768 689/689/686
f 773/773/770 772/772/769 689/689/686
f 689/689/686 688/688/685 773/773/770
f 774/774/771 773/773/770 688/688/685
f 775/775/772 774/774/771 688/688/685
f 776/776/773 775/775/772 688/688/685
f 777/777/774 776/776/773 688/688/685
f 778/778/775 777/777/774 688/688/685
f 779/779/776 778/778/775 688/688/685
f 688/688/685 687/687/684 779/779/776
f 780/780/777 779/779/776 687/687/684
f 781/781/778 780/780/777 687/687/684
f 782/782/779 781/781/778 687/687/684
f 783/783/780 782/782/779 687/687/684
f 784/784/781 783/783/780 687/687/684
f 785/785/782 784/784/781 687/687/684
f 786/786/783 785/785/782 687/687/684
f 687/687/684 686/686/683 786/786/783
f 787/787/784 786/786/783 686/686/683
f 788/788/785 787/787/784 686/686/683
f 789/789/786 788/788/785 686/686/683
f 686/686/683 685/685/682 789/789/786
f 790/790/787 789/789/786 685/685/682
f 791/791/788 790/790/787 685/685/682
f 792/792/789 791/791/788 685/685/682
f 793/793/790 792/792/789 685/685/682
f 794/794/791 793/793/790 685/685/682
f 685/685/682 684/684/681 794/794/791
f 691/691/688 794/794/791 684/684/681
f 664/664/661 663/663/660 679/679/676
f 682/682/679 679/679/676 663/663/660
f 663/663/660 662/662/659 682/682/679
f 732/732/729 682/682/679 662/662/659
f 662/662/659 795/795/792 732/732/729
f 731/731/728 732/732/729 795/795/792
f 795/795/792 796/796/793 731/731/728
f 730/730/727 731/731/728 796/796/793
f 796/796/793 797/797/794 730/730/727
f 729/729/726 730/730/727 797/797/794
f 797/797/794 798/798/795 729/729/726
f 643/643/640 729/729/726 798/798/795
f 798/798/795 644/644/641 643/643/640
f 644/644/641 798/798/795 646/646/643
f 798/798/795 797/797/794 646/646/643
f 797/797/794 796/796/793 646/646/643
f 796/796/793 795/795/792 646/646/643
f 795/795/792 662/662/659 646/646/643
f 799/799/796 800/800/797 801/801/798
f 802/802/799 801/801/798 800/800/797
f 801/801/798 802/802/799 803/803/800
f 802/802/799 804/804/801 803/803/800
f 804/804/801 805/805/802 803/803/800
f 805/805/802 804/804/801 806/806/803
f 806/806/803 807/807/804 805/805/802
f 807/807/804 806/806/803 808/808/805
f 808/808/805 809/809/806 807/807/804
f 809/809/806 808/808/805 810/810/807
f 810/810/807 811/811/808 809/809/806
f 812/812/809 809/809/806 811/811/808
f 811/811/808 813/813/810 812/812/809
f 814/814/811 812/812/809 813/813/810
f 813/813/810 815/815/812 814/814/811
f 816/816/813 814/814/811 815/815/812
f 815/815/812 817/817/814 816/816/813
f 818/818/815 816/816/813 817/817/814
f 819/819/816 820/820/817 821/821/818
f 822/822/819 821/821/818 820/820/817
f 820/820/817 799/799/796 822/822/819
f 801/801/798 822/822/819 799/799/796
f 822/822/819 801/801/798 803/803/800
f 821/821/818 822/822/819 803/803/800
f 823/823/820 821/821/818 803/803/800
f 824/824/821 823/823/820 803/803/800
f 825/825/822 824/824/821 803/803/800
f 826/826/823 825/825/822 803/803/800
f 827/827/824 826/826/823 803/803/800
f 828/828/825 827/827/824 803/803/800
f 829/829/826 828/828/825 803/803/800
f 830/830/827 829/829/826 803/803/800
f 831/831/828 830/830/827 803/803/800
f 830/830/827 831/831/828 832/832/829
f 832/832/829 833/833/830 830/830/827
f 829/829/826 830/830/827 833/833/830
f 833/833/830 834/834/831 829/829/826
f 828/828/825 829/829/826 834/834/831
f 834/834/831 835/835/832 828/828/825
f 827/827/824 828/828/825 835/835/832
f 835/835/832 836/836/833 827/827/824
f 826/826/823 827/827/824 836/836/833
f 836/836/833 837/837/834 826/826/823
f 825/825/822 826/826/823 837/837/834
f 837/837/834 838/838/835 825/825/822
f 824/824/821 825/825/822 838/838/835
f 838/838/835 839/839/836 824/824/821
f 823/823/820 824/824/821 839/839/836
f 839/839/836 819/819/816 823/823/820
f 821/821/818 823/823/820 819/819/816
f 840/840/837 832/832/829 831/831/828
f 831/831/828 841/841/838 840/840/837
f 842/842/839 843/843/840 837/837/834
f 837/837/834 836/836/833 842/842/839
f 844/844/841 842/842/839 836/836/833
f 836/836/833 835/835/832 844/844/841
f 818/818/815 844/844/841 835/835/832
f 835/835/832 834/834/831 818/818/815
f 816/816/813 818/818/815 834/834/831
f 834/834/831 833/833/830 816/816/813
f 814/814/811 816/816/813 833/833/830
f 833/833/830 832/832/829 814/814/811
f 812/812/809 814/814/811 832/832/829
f 832/832/829 840/840/837 812/812/809
f 809/809/806 812/812/809 840/840/837
f 840/840/837 807/807/804 809/809/806
f 807/807/804 840/840/837 841/841/838
f 841/841/838 805/805/802 807/807/804
f 805/805/802 841/841/838 803/803/800
f 841/841/838 831/831/828 803/803/800
f 817/817/814 845/845/842 818/818/815
f 844/844/841 818/818/815 845/845/842
f 845/845/842 846/846/843 844/844/841
f 842/842/839 844/844/841 846/846/843
f 846/846/843 847/847/844 842/842/839
f 843/843/840 842/842/839 847/847/844
f 847/847/844 848/848/845 843/843/840
f 849/849/846 843/843/840 848/848/845
f 848/848/845 850/850/847 849/849/846
f 851/851/848 849/849/846 850/850/847
f 850/850/847 852/852/849 851/851/848
f 853/853/850 851/851/848 852/852/849
f 852/852/849 854/854/851 853/853/850
f 855/855/852 853/853/850 854/854/851
f 854/854/851 856/856/853 855/855/852
f 857/857/854 855/855/852 856/856/853
f 856/856/853 858/858/855 857/857/854
f 859/859/856 857/857/854 858/858/855
f 859/859/856 860/860/857 861/861/858
f 860/860/857 808/808/805 806/806/803
f 806/806/803 861/861/858 860/860/857
f 861/861/858 806/806/803 804/804/801
f 804/804/801 802/802/799 861/861/858
f 800/800/797 861/861/858 802/802/799
f 861/861/858 800/800/797 859/859/856
f 857/857/854 859/859/856 800/800/797
f 800/800/797 799/799/796 857/857/854
f 855/855/852 857/857/854 799/799/796
f 799/799/796 820/820/817 855/855/852
f 853/853/850 855/855/852 820/820/817
f 820/820/817 819/819/816 853/853/850
f 851/851/848 853/853/850 819/819/816
f 819/819/816 839/839/836 851/851/848
f 849/849/846 851/851/848 839/839/836
f 839/839/836 838/838/835 849/849/846
f 843/843/840 849/849/846 838/838/835
f 838/838/835 837/837/834 843/843/840
f 858/858/855 862/862/859 859/859/856
f 860/860/857 859/859/856 862/862/859
f 862/862/859 863/863/860 860/860/857
f 808/808/805 860/860/857 863/863/860
f 863/863/860 810/810/807 808/808/805
f 864/864/861 865/865/862 866/866/863
f 865/865/862 864/864/861 867/867/864
f 868/868/865 867/867/864 864/864/861
f 867/867/864 868/868/865 869/869/866
f 870/870/867 869/869/866 868/868/865
f 870/870/867 871/871/868 869/869/866
f 872/872/869 871/871/868 870/870/867
f 873/873/870 871/871/868 872/872/869
f 873/873/870 872/872/869 874/874/871
f 874/874/871 875/875/872 873/873/870
f 875/875/872 874/874/871 876/876/873
f 876/876/873 877/877/874 875/875/872
f 877/877/874 876/876/873 878/878/875
f 878/878/875 879/879/876 877/877/874
f 880/880/877 877/877/874 879/879/876
f 879/879/876 881/881/878 880/880/877
f 882/882/879 880/880/877 881/881/878
f 881/881/878 883/883/880 882/882/879
f 884/884/881 871/871/868 885/885/882
f 885/885/882 871/871/868 886/886/883
f 886/886/883 871/871/868 887/887/884
f 887/887/884 871/871/868 888/888/885
f 880/880/877 882/882/879 889/889/886
f 889/889/886 890/890/887 880/880/877
f 877/877/874 880/880/877 890/890/887
f 890/890/887 875/875/872 877/877/874
f 875/875/872 890/890/887 891/891/888
f 891/891/888 873/873/870 875/875/872
f 891/891/888 871/871/868 873/873/870
f 892/892/889 871/871/868 891/891/888
f 888/888/885 871/871/868 892/892/889
f 888/888/885 892/892/889 889/889/886
f 889/889/886 893/893/890 888/888/885
f 887/887/884 888/888/885 893/893/890
f 893/893/890 894/894/891 887/887/884
f 886/886/883 887/887/884 894/894/891
f 894/894/891 895/895/892 886/886/883
f 885/885/882 886/886/883 895/895/892
f 895/895/892 896/896/893 885/885/882
f 884/884/881 885/885/882 896/896/893
f 890/890/887 889/889/886 892/892/889
f 892/892/889 891/891/888 890/890/887
f 897/897/894 865/865/862 898/898/895
f 898/898/895 899/899/896 897/897/894
f 900/900/897 897/897/894 899/899/896
f 899/899/896 901/901/898 900/900/897
f 902/902/899 900/900/897 901/901/898
f 901/901/898 903/903/900 902/902/899
f 904/904/901 902/902/899 903/903/900
f 903/903/900 905/905/902 904/904/901
f 906/906/903 904/904/901 905/905/902
f 905/905/902 896/896/893 906/906/903
f 907/907/904 906/906/903 896/896/893
f 896/896/893 895/895/892 907/907/904
f 908/908/905 907/907/904 895/895/892
f 895/895/892 894/894/891 908/908/905
f 909/909/906 908/908/905 894/894/891
f 894/894/891 893/893/890 909/909/906
f 882/882/879 909/909/906 893/893/890
f 893/893/890 889/889/886 882/882/879
f 867/867/864 898/898/895 865/865/862
f 909/909/906 882/882/879 883/883/880
f 883/883/880 910/910/907 909/909/906
f 908/908/905 909/909/906 910/910/907
f 910/910/907 911/911/908 908/908/905
f 907/907/904 908/908/905 911/911/908
f 911/911/908 912/912/909 907/907/904
f 906/906/903 907/907/904 912/912/909
f 912/912/909 913/913/910 906/906/903
f 904/904/901 906/906/903 913/913/910
f 913/913/910 914/914/911 904/904/901
f 902/902/899 904/904/901 914/914/911
f 914/914/911 915/915/912 902/902/899
f 900/900/897 902/902/899 915/915/912
f 915/915/912 916/916/913 900/900/897
f 897/897/894 900/900/897 916/916/913
f 916/916/913 917/917/914 897/897/894
f 865/865/862 897/897/894 917/917/914
f 917/917/914 866/866/863 865/865/862
f 866/866/863 918/918/915 864/864/861
f 919/919/916 864/864/861 918/918/915
f 864/864/861 919/919/916 868/868/865
f 920/920/917 868/868/865 919/919/916
f 868/868/865 920/920/917 870/870/867
f 872/872/869 870/870/867 920/920/917
f 920/920/917 874/874/871 872/872/869
f 874/874/871 920/920/917 921/921/918
f 921/921/918 876/876/873 874/874/871
f 876/876/873 921/921/918 922/922/919
f 922/922/919 878/878/875 876/876/873
f 919/919/916 921/921/918 920/920/917
f 921/921/918 919/919/916 923/923/920
f 918/918/915 923/923/920 919/919/916
f 923/923/920 922/922/919 921/921/918
f 896/896/893 905/905/902 884/884/881
f 924/924/921 884/884/881 905/905/902
f 905/905/902 903/903/900 924/924/921
f 925/925/922 924/924/921 903/903/900
f 903/903/900 901/901/898 925/925/922
f 926/926/923 925/925/922 901/901/898
f 901/901/898 899/899/896 926/926/923
f 927/927/924 926/926/923 899/899/896
f 899/899/896 898/898/895 927/927/924
f 928/928/925 927/927/924 898/898/895
f 898/898/895 867/867/864 928/928/925
f 869/869/866 928/928/925 867/867/864
f 869/869/866 871/871/868 928/928/925
f 928/928/925 871/871/868 927/927/924
f 927/927/924 871/871/868 926/926/923
f 926/926/923 871/871/868 925/925/922
f 925/925/922 871/871/868 924/924/921
f 924/924/921 871/871/868 884/884/881
f 83/83/80 61/61/58 62/62/59
f 61/61/58 83/83/80 929/929/926
f 929/929/926 60/60/57 61/61/58
f 60/60/57 929/929/926 930/930/927
f 930/930/927 931/931/928 60/60/57
f 59/59/56 60/60/57 931/931/928
f 932/932/929 59/59/56 931/931/928
f 59/59/56 932/932/929 392/392/389
f 933/933/930 392/392/389 932/932/929
f 392/392/389 933/933/930 394/394/391
f 931/931/928 930/930/927 934/934/931
f 934/934/931 932/932/929 931/931/928
f 932/932/929 934/934/931 933/933/930
f 935/935/932 936/936/933 937/937/934
f 938/938/935 937/937/934 936/936/933
f 936/936/933 939/939/936 938/938/935
f 940/940/937 938/938/935 939/939/936
f 939/939/936 941/941/938 940/940/937
f 942/942/939 940/940/937 941/941/938
f 941/941/938 943/943/940 942/942/939
f 944/944/941 942/942/939 943/943/940
f 943/943/940 945/945/942 944/944/941
f 946/946/943 944/944/941 945/945/942
f 945/945/942 947/947/944 946/946/943
f 948/948/945 946/946/943 947/947/944
f 947/947/944 949/949/946 948/948/945
f 950/950/947 948/948/945 949/949/946
f 949/949/946 951/951/948 950/950/947
f 952/952/949 950/950/947 951/951/948
f 951/951/948 953/953/950 952/952/949
f 954/954/951 952/952/949 953/953/950
f 955/955/952 956/956/953 957/957/954
f 958/958/955 957/957/954 956/956/953
f 956/956/953 935/935/932 958/958/955
f 937/937/934 958/958/955 935/935/932
f 953/953/950 959/959/956 954/954/951
f 960/960/957 954/954/951 959/959/956
f 959/959/956 961/961/958 960/960/957
f 962/962/959 960/960/957 961/961/958
f 961/961/958 963/963/960 962/962/959
f 964/964/961 962/962/959 963/963/960
f 963/963/960 965/965/962 964/964/961
f 966/966/963 964/964/961 965/965/962
f 965/965/962 967/967/964 966/966/963
f 968/968/965 966/966/963 967/967/964
f 967/967/964 969/969/966 968/968/965
f 970/970/967 968/968/965 969/969/966
f 969/969/966 971/971/968 970/970/967
f 972/972/969 970/970/967 971/971/968
f 971/971/968 973/973/970 972/972/969
f 974/974/971 972/972/969 973/973/970
f 973/973/970 955/955/952 974/974/971
f 957/957/954 974/974/971 955/955/952
f 975/975/972 976/976/973 977/977/974
f 976/976/973 975/975/972 978/978/975
f 979/979/976 978/978/975 975/975/972
f 975/975/972 980/980/977 979/979/976
f 981/981/978 979/979/976 980/980/977
f 980/980/977 982/982/979 981/981/978
f 983/983/980 981/981/978 982/982/979
f 982/982/979 984/984/981 983/983/980
f 985/985/982 983/983/980 984/984/981
f 984/984/981 986/986/983 985/985/982
f 987/987/984 985/985/982 986/986/983
f 986/986/983 988/988/985 987/987/984
f 989/989/986 987/987/984 988/988/985
f 988/988/985 990/990/987 989/989/986
f 991/991/988 989/989/986 990/990/987
f 990/990/987 992/992/989 991/991/988
f 993/993/990 991/991/988 992/992/989
f 992/992/989 994/994/991 993/993/990
f 980/980/977 975/975/972 977/977/974
f 982/982/979 980/980/977 977/977/974
f 984/984/981 982/982/979 977/977/974
f 986/986/983 984/984/981 977/977/974
f 988/988/985 986/986/983 977/977/974
f 990/990/987 988/988/985 977/977/974
f 992/992/989 990/990/987 977/977/974
f 994/994/991 992/992/989 977/977/974
f 995/995/992 994/994/991 977/977/974
f 996/996/993 995/995/992 977/977/974
f 997/997/994 996/996/993 977/977/974
f 998/998/995 997/997/994 977/977/974
f 999/999/996 998/998/995 977/977/974
f 1000/1000/997 999/999/996 977/977/974
f 1001/1001/998 1000/1000/997 977/977/974
f 1002/1002/999 1001/1001/998 977/977/974
f 1003/1003/1000 1002/1002/999 977/977/974
f 1004/1004/1001 1003/1003/1000 977/977/974
f 976/976/973 1004/1004/1001 977/977/974
f 1005/1005/1002 993/993/990 994/994/991
f 994/994/991 995/995/992 1005/1005/1002
f 1006/1006/1003 1005/1005/1002 995/995/992
f 995/995/992 996/996/993 1006/1006/1003
f 1007/1007/1004 1006/1006/1003 996/996/993
f 996/996/993 997/997/994 1007/1007/1004
f 1008/1008/1005 1007/1007/1004 997/997/994
f 997/997/994 998/998/995 1008/1008/1005
f 1009/1009/1006 1008/1008/1005 998/998/995
f 998/998/995 999/999/996 1009/1009/1006
f 1010/1010/1007 1009/1009/1006 999/999/996
f 999/999/996 1000/1000/997 1010/1010/1007
f 1011/1011/1008 1010/1010/1007 1000/1000/997
f 1000/1000/997 1001/1001/998 1011/1011/1008
f 1012/1012/1009 1011/1011/1008 1001/1001/998
f 1001/1001/998 1002/1002/999 1012/1012/1009
f 1013/1013/1010 1012/1012/1009 1002/1002/999
f 1002/1002/999 1003/1003/1000 1013/1013/1010
f 1014/1014/1011 1013/1013/1010 1003/1003/1000
f 1003/1003/1000 1004/1004/1001 1014/1014/1011
f 1015/1015/1012 1014/1014/1011 1004/1004/1001
f 1004/1004/1001 976/976/973 1015/1015/1012
f 978/978/975 1015/1015/1012 976/976/973
f 1016/1016/1013 1017/1017/1014 1018/1018/1015
f 1017/1017/1014 1019/1019/1016 1018/1018/1015
f 1019/1019/1016 1020/1020/1017 1018/1018/1015
f 1020/1020/1017 1021/1021/1018 1018/1018/1015
f 1021/1021/1018 1022/1022/1019 1018/1018/1015
f 1022/1022/1019 1023/1023/1020 1018/1018/1015
f 1023/1023/1020 1024/1024/1021 1018/1018/1015
f 1024/1024/1021 1025/1025/1022 1018/1018/1015
f 1025/1025/1022 1026/1026/1023 1018/1018/1015
f 1026/1026/1023 1027/1027/1024 1018/1018/1015
f 1027/1027/1024 1028/1028/1025 1018/1018/1015
f 1028/1028/1025 1029/1029/1026 1018/1018/1015
f 1029/1029/1026 1030/1030/1027 1018/1018/1015
f 1030/1030/1027 1031/1031/1028 1018/1018/1015
f 1031/1031/1028 1032/1032/1029 1018/1018/1015
f 1032/1032/1029 1016/1016/1013 1018/1018/1015
f 226/226/223 1033/1033/1030 227/227/224
f 227/227/224 1033/1033/1030 1034/1034/1031
f 1034/1034/1031 228/228/225 227/227/224
f 228/228/225 1034/1034/1031 229/229/226
f 1035/1035/1032 1036/1036/1033 1037/1037/1033
f 1037/1037/1033 1038/1038/1032 1035/1035/1032
f 1039/1039/1034 1040/1040/1034 1041/1041/1034
f 1041/1041/1034 1042/1042/1034 1039/1039/1034
f 1042/1042/1034 1041/1041/1034 1043/1043/1034
f 1043/1043/1034 1044/1044/1034 1042/1042/1034
f 1045/1045/1034 1044/1044/1034 1043/1043/1034
f 1043/1043/1034 1046/1046/1034 1045/1045/1034
f 1039/1039/1034 1045/1045/1034 1046/1046/1034
f 1046/1046/1034 1040/1040/1034 1039/1039/1034
f 1047/1047/1035 1048/1048/1035 1049/1049/1035
f 1050/1050/1035 1049/1049/1035 1048/1048/1035
f 1048/1048/1035 1051/1051/1035 1050/1050/1035
f 1050/1050/1035 1051/1051/1035 1052/1052/1035
f 1052/1052/1035 1053/1053/1035 1050/1050/1035
f 1053/1053/1035 1052/1052/1035 1047/1047/1035
f 1047/1047/1035 1054/1054/1035 1053/1053/1035
f 1049/1049/1035 1054/1054/1035 1047/1047/1035
f 1055/1055/1036 1056/1056/1036 1057/1057/1036
f 1057/1057/1036 1058/1058/1036 1055/1055/1036
f 1059/1059/1037 1060/1060/1037 1061/1061/1038
f 1061/1061/1038 1062/1062/1038 1059/1059/1037
f 1063/1063/1039 1064/1064/1039 1065/1065/1040
f 1065/1065/1040 1066/1066/1040 1063/1063/1039
f 1067/1067/1041 1068/1068/1042 1069/1069/1042
f 1069/1069/1042 1070/1070/1043 1067/1067/1041
f 1071/1071/1044 1072/1072/1044 1073/1073/1044
f 1073/1073/1044 1074/1074/1044 1071/1071/1044
f 1075/1075/1045 1076/1076/1046 1077/1077/1046
f 1077/1077/1046 1078/1078/1045 1075/1075/1045
f 1079/1079/1047 1080/1080/1047 1081/1081/1047
f 1081/1081/1047 1082/1082/1047 1079/1079/1047
f 1083/1083/1048 1084/1084/1048 1085/1085/1048
f 1085/1085/1048 1086/1086/1048 1083/1083/1048
f 1087/1087/1049 1088/1088/1049 1089/1089/1049
f 1090/1090/1049 1089/1089/1049 1088/1088/1049
f 1088/1088/1049 1091/1091/1049 1090/1090/1049
f 1090/1090/1049 1091/1091/1049 1092/1092/1049
f 1092/1092/1049 1093/1093/1049 1090/1090/1049
f 1093/1093/1049 1092/1092/1049 1087/1087/1049
f 1087/1087/1049 1094/1094/1049 1093/1093/1049
f 1089/1089/1049 1094/1094/1049 1087/1087/1049
f 1095/1095/1050 1096/1096/1050 1097/1097/1051
f 1097/1097/1051 1098/1098/1051 1095/1095/1050
f 1098/1098/1051 1097/1097/1051 1099/1099/1050
f 1099/1099/1050 1100/1100/1050 1098/1098/1051
f 1101/1101/1051 1100/1100/1050 1099/1099/1050
f 1099/1099/1050 1102/1102/1051 1101/1101/1051
f 1095/1095/1050 1101/1101/1051 1102/1102/1051
f 1102/1102/1051 1096/1096/1050 1095/1095/1050
f 1103/1103/1052 1104/1104/1052 1105/1105/1053
f 1105/1105/1053 1106/1106/1053 1103/1103/1052
f 1107/1107/1054 1108/1108/1055 1109/1109/1055
f 1109/1109/1055 1110/1110/1054 1107/1107/1054
f 1111/1111/1056 1112/1112/1056 1113/1113/1056
f 1113/1113/1056 1114/1114/1056 1111/1111/1056
f 1115/1115/1057 1116/1116/1057 1117/1117/1057
f 1117/1117/1057 1118/1118/1057 1115/1115/1057
f 1119/1119/1058 1120/1120/1058 1121/1121/1058
f 1121/1121/1058 1122/1122/1058 1119/1119/1058
f 1123/1123/1059 1124/1124/1059 1125/1125/1060
f 1125/1125/1060 1126/1126/1061 1123/1123/1059
f 1127/1127/1062 1128/1128/1063 1129/1129/1064
f 1128/1128/1063 1127/1127/1062 1130/1130/1065
f 1131/1131/1066 1130/1130/1065 1127/1127/1062
f 1127/1127/1062 1132/1132/1067 1131/1131/1066
f 1133/1133/1068 1131/1131/1066 1132/1132/1067
f 1132/1132/1067 1134/1134/1069 1133/1133/1068
f 1135/1135/1070 1133/1133/1068 1134/1134/1069
f 1134/1134/1069 1136/1136/1071 1135/1135/1070
f 1137/1137/1072 1135/1135/1070 1136/1136/1071
f 1136/1136/1071 1138/1138/1073 1137/1137/1072
f 1139/1139/1074 1137/1137/1072 1138/1138/1073
f 1138/1138/1073 1140/1140/1075 1139/1139/1074
f 1141/1141/1076 1139/1139/1074 1140/1140/1075
f 1140/1140/1075 1142/1142/1077 1141/1141/1076
f 1143/1143/1078 1141/1141/1076 1142/1142/1077
f 1142/1142/1077 1144/1144/1079 1143/1143/1078
f 1145/1145/1080 1143/1143/1078 1144/1144/1079
f 1144/1144/1079 1146/1146/1081 1145/1145/1080
f 1132/1132/1067 1127/1127/1062 1129/1129/1064
f 1134/1134/1069 1132/1132/1067 1129/1129/1064
f 1136/1136/1071 1134/1134/1069 1129/1129/1064
f 1138/1138/1073 1136/1136/1071 1129/1129/1064
f 1140/1140/1075 1138/1138/1073 1129/1129/1064
f 1142/1142/1077 1140/1140/1075 1129/1129/1064
f 1144/1144/1079 1142/1142/1077 1129/1129/1064
f 1146/1146/1081 1144/1144/1079 1129/1129/1064
f 1147/1147/1082 1146/1146/1081 1129/1129/1064
f 1148/1148/1083 1147/1147/1082 1129/1129/1064
f 1149/1149/1084 1148/1148/1083 1129/1129/1064
f 1150/1150/1085 1149/1149/1084 1129/1129/1064
f 1151/1151/1086 1150/1150/1085 1129/1129/1064
f 1152/1152/1087 1151/1151/1086 1129/1129/1064
f 1128/1128/1063 1152/1152/1087 1129/1129/1064
f 1153/1153/1088 1145/1145/1080 1146/1146/1081
f 1146/1146/1081 1147/1147/1082 1153/1153/1088
f 1154/1154/1089 1153/1153/1088 1147/1147/1082
f 1147/1147/1082 1148/1148/1083 1154/1154/1089
f 1155/1155/1090 1154/1154/1089 1148/1148/1083
f 1148/1148/1083 1149/1149/1084 1155/1155/1090
f 1156/1156/1091 1155/1155/1090 1149/1149/1084
f 1149/1149/1084 1150/1150/1085 1156/1156/1091
f 1157/1157/1092 1156/1156/1091 1150/1150/1085
f 1150/1150/1085 1151/1151/1086 1157/1157/1092
f 1158/1158/1093 1157/1157/1092 1151/1151/1086
f 1151/1151/1086 1152/1152/1087 1158/1158/1093
f 1159/1159/1094 1158/1158/1093 1152/1152/1087
f 1152/1152/1087 1128/1128/1063 1159/1159/1094
f 1130/1130/1065 1159/1159/1094 1128/1128/1063
f 1160/1160/1095 1161/1161/1096 1162/1162/1097
f 1163/1163/1098 1162/1162/1097 1161/1161/1096
f 1161/1161/1096 1164/1164/1099 1163/1163/1098
f 1165/1165/1100 1163/1163/1098 1164/1164/1099
f 1164/1164/1099 1166/1166/1101 1165/1165/1100
f 1167/1167/1102 1165/1165/1100 1166/1166/1101
f 1166/1166/1101 1168/1168/1103 1167/1167/1102
f 1169/1169/1104 1167/1167/1102 1168/1168/1103
f 1168/1168/1103 1170/1170/1105 1169/1169/1104
f 1171/1171/1106 1169/1169/1104 1170/1170/1105
f 1170/1170/1105 1172/1172/1107 1171/1171/1106
f 1173/1173/1108 1171/1171/1106 1172/1172/1107
f 1172/1172/1107 1174/1174/1109 1173/1173/1108
f 1175/1175/1110 1173/1173/1108 1174/1174/1109
f 1174/1174/1109 1176/1176/1111 1175/1175/1110
f 1177/1177/1112 1175/1175/1110 1176/1176/1111
f 1176/1176/1111 1178/1178/1113 1177/1177/1112
f 1179/1179/1114 1177/1177/1112 1178/1178/1113
f 1178/1178/1113 1180/1180/1115 1179/1179/1114
f 1181/1181/1116 1179/1179/1114 1180/1180/1115
f 1180/1180/1115 1182/1182/1117 1181/1181/1116
f 1183/1183/1118 1181/1181/1116 1182/1182/1117
f 1182/1182/1117 1184/1184/1119 1183/1183/1118
f 1185/1185/1120 1183/1183/1118 1184/1184/1119
f 1184/1184/1119 1186/1186/1121 1185/1185/1120
f 1187/1187/1122 1185/1185/1120 1186/1186/1121
f 1186/1186/1121 1188/1188/1123 1187/1187/1122
f 1189/1189/1124 1187/1187/1122 1188/1188/1123
f 1188/1188/1123 1190/1190/1125 1189/1189/1124
f 1191/1191/1126 1189/1189/1124 1190/1190/1125
f 1190/1190/1125 1160/1160/1095 1191/1191/1126
f 1162/1162/1097 1191/1191/1126 1160/1160/1095
o select_vol.001_Cube.004
v -0.545645 -1.862940 14.191100
v -0.545645 1.862940 14.191100
v -0.545645 -1.862940 -14.191100
v -0.545645 1.862940 -14.191100
v 0.545645 -1.862940 14.191100
v 0.545645 1.862940 14.191100
v 0.545645 -1.862940 -14.191100
v 0.545645 1.862940 -14.191100
vn -1.0000 0.0000 0.0000
vn 0.0000 0.0000 -1.0000
vn 1.0000 0.0000 0.0000
vn 0.0000 0.0000 1.0000
vn 0.0000 -1.0000 0.0000
vn 0.0000 1.0000 0.0000
usemtl None
s off
f 1192//1127 1193//1127 1195//1127 1194//1127
f 1194//1128 1195//1128 1199//1128 1198//1128
f 1198//1129 1199//1129 1197//1129 1196//1129
f 1196//1130 1197//1130 1193//1130 1192//1130
f 1194//1131 1198//1131 1196//1131 1192//1131
f 1199//1132 1195//1132 1193//1132 1197//1132
o body_vol_Cube.003
v -0.545645 -1.862940 14.191100
v -0.545645 1.862940 14.191100
v -0.545645 -1.862940 -14.191100
v -0.545645 1.862940 -14.191100
v 0.545645 -1.862940 14.191100
v 0.545645 1.862940 14.191100
v 0.545645 -1.862940 -14.191100
v 0.545645 1.862940 -14.191100
vn -1.0000 0.0000 0.0000
vn 0.0000 0.0000 -1.0000
vn 1.0000 0.0000 0.0000
vn 0.0000 0.0000 1.0000
vn 0.0000 -1.0000 0.0000
vn 0.0000 1.0000 0.0000
usemtl None
s off
f 1200//1133 1201//1133 1203//1133 1202//1133
f 1202//1134 1203//1134 1207//1134 1206//1134
f 1206//1135 1207//1135 1205//1135 1204//1135
f 1204//1136 1205//1136 1201//1136 1200//1136
f 1202//1137 1206//1137 1204//1137 1200//1137
f 1207//1138 1203//1138 1201//1138 1205//1138
o select_vol_Cube.002
v -0.545645 -1.862940 14.191100
v -0.545645 1.862940 14.191100
v -0.545645 -1.862940 -14.191100
v -0.545645 1.862940 -14.191100
v 0.545645 -1.862940 14.191100
v 0.545645 1.862940 14.191100
v 0.545645 -1.862940 -14.191100
v 0.545645 1.862940 -14.191100
vn -1.0000 0.0000 0.0000
vn 0.0000 0.0000 -1.0000
vn 1.0000 0.0000 0.0000
vn 0.0000 0.0000 1.0000
vn 0.0000 -1.0000 0.0000
vn 0.0000 1.0000 0.0000
usemtl None
s off
f 1208//1139 1209//1139 1211//1139 1210//1139
f 1210//1140 1211//1140 1215//1140 1214//1140
f 1214//1141 1215//1141 1213//1141 1212//1141
f 1212//1142 1213//1142 1209//1142 1208//1142
f 1210//1143 1214//1143 1212//1143 1208//1143
f 1215//1144 1211//1144 1209//1144 1213//1144
o body_vol.001_Cube.001
v -0.545645 -1.862940 14.191100
v -0.545645 1.862940 14.191100
v -0.545645 -1.862940 -14.191100
v -0.545645 1.862940 -14.191100
v 0.545645 -1.862940 14.191100
v 0.545645 1.862940 14.191100
v 0.545645 -1.862940 -14.191100
v 0.545645 1.862940 -14.191100
vn -1.0000 0.0000 0.0000
vn 0.0000 0.0000 -1.0000
vn 1.0000 0.0000 0.0000
vn 0.0000 0.0000 1.0000
vn 0.0000 -1.0000 0.0000
vn 0.0000 1.0000 0.0000
usemtl None
s off
f 1216//1145 1217//1145 1219//1145 1218//1145
f 1218//1146 1219//1146 1223//1146 1222//1146
f 1222//1147 1223//1147 1221//1147 1220//1147
f 1220//1148 1221//1148 1217//1148 1216//1148
f 1218//1149 1222//1149 1220//1149 1216//1149
f 1223//1150 1219//1150 1217//1150 1221//1150
